plz,var
1067,65
1069,88
1097,-82
1099,-91
1108,-139
1109,-21
1127,-10
1129,3
1139,-31
1156,54
1157,16
1159,94
1169,204
1187,-76
1189,72
1217,21
1219,-21
1237,46
1239,-256
1257,-30
1259,-56
1277,98
1279,60
1307,104
1309,4
1324,141
1326,52
1328,-70
1445,-24
1454,79
1458,80
1465,71
1468,54
1471,45
1477,144
1558,-78
1561,-203
1587,-18
1589,38
1591,-149
1594,-49
1609,167
1612,31
1616,154
1619,17
1623,94
1640,-17
1662,34
1665,-174
1683,-92
1689,-118
1705,-45
1723,165
1728,-182
1731,39
1734,-31
1737,105
1738,64
1744,-153
1762,-117
1768,-12
1773,73
1774,-12
1776,-33
1778,158
1796,27
1809,-86
1814,31
1816,-30
1819,-38
1824,-115
1825,31
1829,42
1833,27
1844,26
1847,-81
1848,-53
1855,-331
1877,116
1896,237
1900,-15
1904,-32
1906,64
1909,-134
1917,94
1920,-135
1936,-68
1945,-144
1968,-152
1979,-68
1983,35
1987,-79
1990,23
1993,-66
1994,39
1996,-69
1998,28
2625,109
2627,-47
2633,-169
2681,62
2689,99
2692,0
2694,31
2699,44
2708,45
2727,103
2730,-62
2733,-13
2736,-42
2739,-9
2742,-78
2747,8
2748,305
2763,147
2779,-125
2782,-81
2785,101
2788,-68
2791,-124
2794,-15
2796,-8
2797,-24
2799,38
2826,-60
2827,27
2828,143
2829,92
2894,-20
2899,36
2906,-68
2923,29
2929,144
2943,-187
2953,32
2956,-63
2957,-197
2959,48
2977,52
2979,32
2991,53
2994,-73
2997,95
2999,-41
3042,58
3044,127
3046,229
3048,-62
3050,52
3051,-28
3052,-53
3053,-117
3054,177
3055,9
3058,72
3096,20
3099,54
3103,0
3116,8
3119,-61
3130,183
3149,31
3159,27
3172,-114
3185,95
3197,-127
3205,25
3222,76
3226,-92
3229,-84
3238,-97
3246,-128
3249,-112
3253,-136
4103,-138
4105,181
4107,20
4109,23
4129,16
4155,79
4157,-101
4158,63
4159,122
4177,125
4178,212
4179,150
4205,16
4207,171
4209,4
4229,15
4249,-276
4275,-122
4277,-55
4279,-39
4288,-92
4289,22
4299,58
4315,35
4316,-9
4317,-21
4318,119
4319,-26
4328,-72
4329,33
4347,97
4349,-131
4356,-53
4357,12
4416,-74
4420,25
4425,-30
4435,-110
4442,134
4451,-278
4463,-10
4509,92
4519,-132
4523,193
4539,-61
4552,-77
4564,-14
4565,99
4567,116
4571,-46
4575,-134
4600,-159
4603,-80
4610,-40
4613,77
4617,-30
4618,-34
4626,-74
4639,117
4643,161
4651,-19
4654,139
4668,130
4680,20
4683,-111
4687,63
4703,131
4720,-69
4736,193
4741,136
4746,52
4749,137
4758,102
4769,59
4774,114
4779,-65
4808,-42
4821,177
4824,-138
4827,-104
4828,-84
4838,99
4849,77
4860,75
4861,50
4862,-10
4874,-156
4880,113
4886,-16
4889,-69
4895,-155
4910,86
4916,42
4924,59
4928,35
4931,-239
4932,-159
4934,-89
4936,26
4938,-58
6108,-62
6110,-123
6112,13
6114,-76
6116,13
6118,186
6120,-37
6122,23
6124,52
6126,0
6128,-9
6130,-110
6132,72
6179,-89
6184,-11
6188,7
6193,-269
6198,-82
6217,97
6231,-100
6237,91
6242,66
6246,83
6249,-119
6255,76
6258,95
6259,123
6268,-214
6279,27
6295,47
6308,70
6311,35
6313,-85
6317,67
6333,-119
6343,-40
6347,91
6366,-30
6369,-124
6385,-15
6386,33
6388,193
6406,50
6408,-30
6420,-207
6425,17
6429,-97
6449,-16
6456,-153
6458,-39
6463,-114
6464,-217
6466,254
6467,165
6469,-26
6484,6
6485,127
6493,194
6502,-15
6526,-24
6528,10
6536,1
6537,-191
6542,-49
6543,-7
6556,95
6567,-146
6571,146
6577,253
6578,158
6618,-25
6628,-47
6632,51
6636,-93
6638,17
6642,-24
6647,-87
6648,-16
6667,32
6679,-139
6682,18
6686,-34
6688,-47
6711,146
6712,-111
6721,-87
6722,60
6729,-106
6749,151
6766,48
6772,13
6773,-10
6774,110
6779,-20
6780,-154
6785,-22
6792,42
6794,138
6796,-55
6800,54
6803,84
6808,-88
6809,209
6842,54
6844,87
6846,33
6847,-186
6849,-88
6861,-131
6862,-39
6868,-101
6869,-36
6886,14
6888,130
6889,70
6895,-161
6901,212
6905,-149
6917,-48
6925,58
7318,59
7330,-3
7333,-136
7338,-143
7343,-36
7349,-191
7356,-79
7366,-17
7368,121
7381,-14
7387,64
7389,-124
7407,31
7422,28
7426,-56
7427,-93
7429,90
7545,115
7546,-183
7548,113
7549,103
7551,-88
7552,18
7554,-32
7557,40
7570,-122
7580,45
7586,-172
7589,-177
7607,20
7613,-96
7616,-53
7619,-254
7629,-40
7639,-22
7646,-25
7743,164
7745,152
7747,61
7749,-107
7751,-84
7768,-66
7774,-72
7778,-37
7806,-20
7819,52
7907,-28
7919,142
7922,38
7924,-19
7926,-64
7927,-89
7929,-220
7937,-30
7950,-40
7952,-43
7955,-10
7957,-46
7958,126
7973,69
7980,-136
7985,-59
7987,-44
8056,-75
8058,-114
8060,39
8062,153
8064,-133
8066,12
8107,-96
8112,-144
8115,-99
8118,-140
8132,-107
8134,-27
8141,-186
8144,-22
8147,145
8209,12
8223,-85
8228,20
8233,-100
8236,-181
8237,9
8239,-14
8248,-71
8258,-84
8261,94
8262,45
8267,3
8280,77
8289,50
8294,-23
8297,-88
8301,-220
8304,-126
8309,-2
8315,-3
8321,-81
8324,6
8328,-43
8340,42
8344,-26
8349,-100
8352,-28
8359,-38
8371,-141
8373,-87
8393,-35
8396,-149
8412,-51
8427,-12
8428,123
8451,11
8459,-27
8468,109
8485,127
8491,29
8496,-3
8499,-79
8523,92
8525,25
8527,204
8529,11
8538,99
8539,155
8541,254
8543,49
8547,-22
8548,12
8606,16
8626,0
8645,22
8648,176
9111,107
9112,97
9113,25
9114,-25
9116,31
9117,56
9119,-53
9120,121
9122,76
9123,160
9125,65
9126,-107
9127,-116
9128,21
9130,-42
9131,173
9212,37
9217,140
9221,-102
9224,-49
9228,-79
9232,-104
9235,-37
9236,88
9241,138
9243,-10
9244,256
9247,130
9249,37
9306,81
9322,-96
9326,192
9328,-68
9337,109
9350,-103
9353,-14
9355,110
9356,-70
9366,-30
9376,129
9380,32
9385,-70
9387,115
9390,0
9392,-6
9394,42
9399,192
9405,62
9419,-153
9423,33
9427,169
9429,-11
9430,-227
9432,33
9434,-88
9437,-73
9439,-33
9456,-9
9465,-89
9468,210
9471,-140
9474,-84
9477,78
9481,79
9484,22
9487,-35
9488,26
9496,139
9509,-67
9514,-138
9518,71
9526,-90
9544,-18
9548,-80
9557,67
9569,30
9573,81
9575,-22
9577,-14
9579,-40
9599,-234
9600,0
9603,-35
9618,248
9619,-89
9623,-4
9627,-48
9629,141
9633,-79
9634,-84
9638,-101
9648,-48
9661,-73
9669,-66
10115,-86
10117,-49
10119,-9
10178,22
10179,79
10243,-56
10245,-211
10247,-67
10249,29
10315,95
10317,-46
10318,-128
10319,98
10365,130
10367,131
10369,-142
10405,115
10407,118
10409,17
10435,136
10437,-68
10439,72
10551,65
10553,-227
10555,-57
10557,69
10559,61
10585,19
10587,-239
10589,8
10623,-100
10625,34
10627,163
10629,-71
10707,116
10709,64
10711,26
10713,-110
10715,20
10717,-45
10719,168
10777,-69
10779,90
10781,176
10783,35
10785,-100
10787,-216
10789,-157
10823,-101
10825,156
10827,201
10829,-69
10961,31
10963,-99
10965,168
10967,95
10969,-1
10997,-100
10999,-45
12043,-124
12045,-142
12047,-8
12049,-223
12051,6
12053,30
12055,-47
12057,-102
12059,-205
12099,60
12101,-45
12103,37
12105,138
12107,21
12109,-132
12157,-75
12159,-16
12161,202
12163,7
12165,57
12167,-74
12169,-29
12203,-92
12205,185
12207,137
12209,-56
12247,170
12249,-8
12277,-45
12279,-47
12305,112
12307,82
12309,29
12347,42
12349,90
12351,-38
12353,222
12355,-142
12357,20
12359,-150
12435,74
12437,33
12439,-85
12459,-72
12487,-93
12489,210
12524,-16
12526,-201
12527,88
12529,67
12555,-53
12557,129
12559,3
12587,4
12589,24
12619,-152
12621,40
12623,-252
12627,-14
12629,-40
12679,-1
12681,-3
12683,30
12685,185
12687,81
12689,1
13051,0
13053,86
13055,17
13057,-148
13059,47
13086,83
13088,63
13089,-242
13125,16
13127,80
13129,159
13156,5
13158,-23
13159,155
13187,-13
13189,132
13347,86
13349,-13
13351,-176
13353,-90
13355,-115
13357,-105
13359,42
13403,56
13405,-112
13407,33
13409,-49
13435,5
13437,-87
13439,-7
13465,27
13467,175
13469,-51
13503,-6
13505,-97
13507,133
13509,-17
13581,40
13583,-38
13585,-133
13587,-139
13589,-316
13591,79
13593,-158
13595,-91
13597,159
13599,-26
13627,-157
13629,-10
14050,-102
14052,-119
14053,142
14055,228
14057,52
14059,-180
14089,-15
14109,-111
14129,-176
14163,152
14165,-49
14167,-68
14169,45
14193,-63
14195,76
14197,34
14199,61
14467,4
14469,-86
14471,-45
14473,-100
14476,-72
14478,-72
14480,36
14482,0
14513,223
14532,-38
14542,-34
14547,41
14548,40
14550,-183
14552,-141
14554,49
14558,16
14612,-153
14621,-58
14624,45
14641,22
14656,0
14662,46
14669,-19
14712,-10
14715,-143
14727,-50
14728,17
14770,-120
14772,-75
14774,297
14776,57
14778,41
14789,128
14793,-59
14797,10
14798,53
14806,26
14822,167
14823,-150
14827,-43
14828,-39
14913,122
14929,-26
14943,-36
14947,56
14959,15
14974,-52
14979,23
15230,-109
15232,-167
15234,1
15236,-29
15295,-82
15299,113
15306,62
15320,-126
15324,-318
15326,45
15328,80
15344,-116
15345,41
15366,26
15370,-56
15374,80
15377,-101
15378,-208
15517,-42
15518,-208
15526,-73
15528,-182
15537,32
15562,-144
15566,-36
15569,130
15711,80
15712,164
15713,49
15732,-125
15738,40
15741,-25
15745,-38
15746,-143
15748,11
15749,-43
15754,-30
15755,-65
15757,178
15806,152
15827,171
15831,-35
15834,-76
15837,133
15838,37
15848,109
15859,-124
15864,-6
15868,-37
15890,-16
15898,38
15907,33
15910,-33
15913,-69
15926,69
15936,-84
15938,-98
16225,-132
16227,200
16230,-95
16244,-50
16247,73
16248,41
16259,-19
16269,-31
16278,-43
16303,-55
16306,193
16307,62
16321,23
16341,-71
16348,26
16356,-54
16359,-20
16515,-150
16540,29
16547,-30
16548,-1
16552,-109
16556,63
16559,151
16562,-14
16567,0
16727,110
16761,-112
16766,102
16767,-51
16775,130
16792,-142
16798,-182
16816,-144
16818,81
16827,-3
16831,50
16833,-143
16835,20
16837,-48
16845,-22
16866,93
16868,-7
16909,-146
16928,-60
16945,-146
16949,44
17033,-186
17034,50
17036,-8
17039,2
17087,115
17089,-27
17091,-93
17094,-136
17098,-175
17099,13
17109,-236
17111,-127
17121,-50
17126,-33
17129,-49
17139,110
17153,-176
17154,51
17159,101
17166,-34
17168,189
17179,-49
17192,-204
17194,-4
17207,-62
17209,70
17213,-52
17214,-100
17217,73
17219,-91
17235,-17
17237,165
17248,20
17252,32
17255,21
17258,194
17268,-82
17279,159
17291,77
17309,-186
17321,138
17322,103
17326,86
17328,40
17329,0
17335,53
17337,196
17348,254
17349,-221
17358,-37
17367,106
17373,22
17375,-37
17379,5
17389,7
17390,-71
17391,-10
17392,111
17398,-12
17406,53
17419,152
17424,-143
17429,51
17438,-80
17440,77
17449,124
17454,55
17459,-80
17489,89
17491,-53
17493,101
17495,-124
17498,-149
17506,-94
17509,24
18055,-183
18057,154
18059,83
18069,-21
18106,48
18107,-169
18109,-11
18119,27
18146,13
18147,82
18181,-58
18182,24
18184,30
18190,98
18195,107
18196,-22
18198,35
18209,107
18211,25
18225,88
18230,-26
18233,-64
18236,-155
18239,-82
18246,142
18249,127
18258,-170
18273,15
18276,-59
18279,-13
18292,20
18299,-3
18311,24
18314,37
18317,-102
18320,-30
18334,-38
18337,-168
18347,-21
18356,-36
18374,226
18375,-37
18435,-13
18437,39
18439,17
18442,143
18445,73
18461,-90
18465,-283
18469,124
18507,-10
18510,85
18513,96
18516,-46
18519,-205
18528,18
18546,292
18551,-16
18556,31
18565,77
18569,17
18573,-47
18574,-151
18581,-100
18586,-45
18609,-117
19053,82
19055,-236
19057,105
19059,-43
19061,108
19063,-14
19065,-37
19067,-64
19069,-48
19071,-5
19073,-1
19075,16
19077,42
19079,-2
19086,-47
19089,94
19205,-60
19209,-125
19217,-68
19230,75
19243,-79
19246,31
19249,43
19258,-94
19260,-5
19273,-32
19288,7
19294,52
19300,161
19303,38
19306,-90
19309,-110
19322,-185
19336,-84
19339,-53
19348,144
19357,-173
19370,178
19372,-263
19374,9
19376,-149
19386,73
19395,136
19399,-48
19406,23
19412,-136
19417,53
20095,85
20097,12
20099,4
20144,-49
20146,46
20148,89
20149,270
20249,-187
20251,-105
20253,148
20255,171
20257,-11
20259,29
20354,-136
20355,0
20357,30
20359,-86
20457,77
20459,-139
20535,93
20537,73
20539,-72
21029,-140
21031,88
21033,-38
21035,95
21037,67
21039,2
21073,-13
21075,82
21077,-62
21079,4
21107,-150
21109,-155
21129,-134
21147,6
21149,-27
21217,154
21218,-10
21220,160
21224,144
21227,9
21228,113
21244,29
21255,132
21256,10
21258,116
21259,71
21261,-99
21266,2
21271,-26
21272,183
21274,-103
21279,-61
21335,149
21337,199
21339,-105
21354,89
21357,7
21358,126
21360,-38
21365,41
21368,-26
21369,15
21371,-96
21376,-137
21379,-139
21380,-34
21382,-12
21385,108
21386,-104
21388,78
21391,42
21394,-29
21395,-146
21397,20
21398,51
21400,-122
21401,146
21403,132
21406,-1
21407,28
21409,20
21423,178
21435,-29
21436,11
21438,18
21439,195
21441,-224
21442,-180
21444,-163
21445,-88
21447,-25
21449,-86
21465,90
21481,-18
21483,29
21493,-40
21502,-66
21509,216
21514,-40
21516,-40
21521,65
21522,19
21524,4
21526,125
21527,52
21529,62
21614,87
21629,-32
21635,113
21640,34
21641,86
21643,-158
21644,150
21646,138
21647,-38
21649,7
21680,-105
21682,102
21683,-22
21684,-20
21698,-149
21702,21
21706,-28
21709,-23
21710,-6
21712,-43
21714,35
21717,-65
21720,-61
21723,-48
21726,1
21727,39
21729,7
21730,105
21732,136
21734,-65
21737,117
21739,62
21745,-25
21755,79
21756,218
21762,53
21763,37
21765,93
21769,49
21770,-34
21772,-200
21775,93
21776,27
21781,-101
21782,-266
21785,-2
21787,142
21789,-143
22041,94
22043,51
22045,-54
22047,99
22049,103
22081,122
22083,48
22085,-108
22087,85
22089,229
22111,202
22113,146
22115,-103
22117,-51
22119,165
22143,-108
22145,-79
22147,79
22149,17
22159,-228
22175,142
22177,-3
22179,28
22297,-169
22299,123
22301,103
22303,72
22305,102
22307,-90
22309,-73
22335,-17
22337,178
22339,40
22359,84
22391,22
22393,-31
22395,-105
22397,117
22399,166
22415,-82
22417,-16
22419,98
22453,24
22455,-37
22457,-14
22459,37
22523,29
22525,-47
22527,122
22529,119
22547,-270
22549,184
22559,73
22587,26
22589,326
22605,-17
22607,10
22609,-31
22761,-130
22763,-134
22765,205
22767,152
22769,-81
22844,-192
22846,-118
22848,-68
22850,-144
22851,-58
22869,-3
22880,-84
22885,-108
22889,6
22926,182
22927,-35
22929,49
22941,30
22946,85
22949,19
22952,76
22955,-145
22956,117
22958,36
22959,164
22961,-59
22962,37
22964,-9
22965,16
22967,3
22969,-25
23552,-175
23554,81
23556,16
23558,-21
23560,-36
23562,-9
23564,181
23566,27
23568,-10
23569,52
23570,-158
23611,-132
23617,92
23619,-103
23623,-5
23626,-61
23627,-81
23628,-6
23629,-12
23669,54
23683,11
23684,106
23689,-13
23701,89
23714,85
23715,26
23717,-217
23719,8
23730,-156
23738,120
23743,6
23744,51
23746,5
23747,-161
23749,115
23758,43
23769,135
23774,-18
23775,-102
23777,-13
23779,29
23795,-11
23812,59
23813,164
23815,-123
23816,8
23818,-25
23820,127
23821,38
23823,107
23824,-117
23826,-55
23827,54
23829,-77
23843,91
23845,108
23847,50
23858,-58
23860,63
23863,42
23866,-158
23867,96
23869,66
23879,15
23881,-52
23883,126
23896,34
23898,163
23899,44
23909,14
23911,-37
23919,0
23923,-171
23936,69
23942,221
23946,-53
23948,-42
23966,24
23968,-40
23970,-27
23972,-52
23974,76
23992,-69
23996,-32
23999,-113
24103,-55
24105,-76
24106,208
24107,-151
24109,-81
24111,-51
24113,-144
24114,211
24116,-66
24118,158
24119,-66
24143,-55
24145,-32
24146,-6
24147,124
24148,-180
24149,-50
24159,84
24161,-43
24211,45
24214,43
24217,15
24220,-83
24222,-36
24223,-14
24226,-1
24229,108
24232,-104
24235,-103
24238,-103
24239,-12
24241,115
24242,258
24244,-129
24245,-105
24247,-120
24248,-31
24250,-80
24251,112
24253,48
24254,38
24256,-4
24257,-150
24259,-8
24306,15
24321,78
24326,-261
24327,147
24329,6
24340,53
24351,-69
24354,66
24357,1
24358,-37
24360,-45
24361,27
24363,55
24364,145
24366,-70
24367,153
24369,-17
24376,219
24392,-82
24395,16
24398,37
24399,-19
24401,-74
24402,75
24404,-25
24405,147
24407,-158
24409,66
24534,23
24536,-40
24537,-51
24539,31
24558,-176
24568,81
24576,-134
24582,-22
24589,335
24594,-196
24598,-9
24601,105
24610,-187
24613,-69
24616,139
24619,49
24620,-59
24622,19
24623,70
24625,1
24626,150
24628,65
24629,230
24631,123
24632,56
24634,-52
24635,-32
24637,-99
24638,51
24640,52
24641,-66
24643,171
24644,116
24646,7
24647,51
24649,-88
24768,59
24782,102
24783,-15
24784,-100
24787,-37
24790,-118
24791,-37
24793,65
24794,24
24796,89
24797,-82
24799,108
24800,84
24802,76
24803,-52
24805,48
24806,-100
24808,68
24809,124
24811,159
24813,-14
24814,-134
24816,-226
24817,-85
24819,34
24837,-60
24848,246
24850,-81
24852,110
24855,57
24857,143
24860,84
24861,-166
24863,24
24864,-11
24866,-144
24867,-11
24869,79
24870,165
24872,-130
24873,59
24876,104
24878,35
24879,181
24881,-18
24882,-12
24884,-47
24885,-84
24887,-159
24888,138
24890,-35
24891,81
24893,-51
24894,37
24896,-54
24897,66
24899,52
24937,6
24939,-39
24941,-73
24943,-9
24944,34
24955,-60
24960,127
24963,-7
24966,133
24969,13
24972,70
24975,-55
24976,184
24977,192
24980,-5
24983,-58
24986,73
24988,61
24989,-18
24991,41
24992,29
24994,49
24996,17
24997,-28
24999,94
25335,160
25336,-121
25337,-42
25348,5
25355,-108
25358,57
25361,88
25364,-128
25365,-42
25368,-91
25370,-39
25371,-4
25373,62
25376,30
25377,52
25379,87
25421,-105
25436,137
25451,213
25462,215
25469,121
25474,90
25479,42
25482,-38
25485,135
25486,106
25488,91
25489,84
25491,-124
25492,125
25494,-93
25495,-102
25497,-107
25499,47
25524,-150
25541,120
25548,121
25551,2
25554,-66
25557,113
25560,44
25563,-30
25566,-254
25569,-88
25572,51
25573,25
25575,-86
25576,-38
25578,-41
25579,-141
25581,-139
25582,-43
25584,4
25585,17
25587,178
25588,-5
25590,102
25591,-9
25593,-57
25594,135
25596,106
25597,83
25599,-54
25693,-82
25704,158
25709,64
25712,35
25715,188
25718,57
25719,-257
25721,99
25724,18
25725,-31
25727,75
25729,75
25746,0
25761,-4
25764,73
25767,-142
25770,-86
25774,-9
25776,0
25779,65
25782,139
25785,-87
25786,-61
25788,275
25791,-141
25792,103
25794,57
25795,-28
25797,-82
25799,-127
25813,-134
25821,124
25826,15
25832,6
25836,52
25840,114
25842,39
25845,23
25849,79
25850,159
25852,-34
25853,45
25855,-40
25856,161
25858,-132
25859,-36
25860,0
25862,-155
25863,18
25864,-69
25866,-35
25867,-25
25869,253
25870,-98
25872,-151
25873,49
25876,49
25878,76
25879,208
25881,152
25882,-37
25884,-25
25885,6
25887,28
25889,-71
25899,38
25917,185
25920,62
25923,46
25924,27
25926,75
25927,48
25938,164
25946,46
25980,-21
25992,132
25996,72
25997,24
25999,27
26121,-93
26122,-15
26123,29
26125,-46
26127,-16
26129,24
26131,30
26133,-258
26135,-44
26160,-156
26169,-91
26180,-5
26188,101
26197,-90
26203,-25
26209,57
26215,31
26219,-123
26316,-49
26340,68
26345,-75
26349,-158
26382,-134
26384,222
26386,-11
26388,-50
26389,-79
26409,61
26419,-43
26427,-120
26434,57
26441,-204
26446,141
26452,64
26465,-92
26474,18
26486,-45
26487,-90
26489,34
26506,4
26524,-58
26529,16
26532,-39
26548,-90
26553,93
26556,-80
26571,179
26579,-63
26603,-62
26605,35
26607,100
26624,114
26629,-28
26632,-128
26639,-96
26655,120
26670,-138
26676,-94
26683,109
26689,-25
26721,152
26723,-108
26725,43
26736,-113
26757,48
26759,60
26789,-66
26802,20
26810,111
26817,27
26826,-176
26831,-110
26835,-51
26842,5
26844,2
26845,31
26847,-8
26849,-102
26871,-69
26892,-61
26897,358
26899,74
26901,-44
26903,-208
26904,-132
26906,75
26907,-42
26909,44
26919,-142
26931,15
26935,-1
26936,-2
26937,-72
26939,-8
26954,62
26969,-78
27211,-111
27232,55
27239,-164
27243,-151
27245,167
27246,-97
27248,-41
27249,-11
27251,-141
27252,108
27254,40
27257,-85
27259,-12
27283,-19
27299,11
27305,-88
27308,14
27313,-4
27318,0
27321,-95
27324,66
27327,48
27330,-6
27333,25
27336,-119
27337,-97
27339,-309
27356,113
27367,274
27374,28
27383,-52
27386,107
27389,80
27404,32
27412,153
27419,67
27432,-33
27442,-90
27446,47
27449,7
27472,62
27474,-38
27476,-55
27478,-176
27498,42
27499,-116
27568,-146
27570,2
27572,-100
27574,59
27576,-81
27578,189
27580,-196
27607,76
27612,24
27616,-138
27619,-104
27624,34
27628,-24
27639,-117
27711,-166
27721,141
27726,56
27729,-66
27749,-113
27751,-78
27753,173
27755,79
27777,15
27793,-49
27798,142
27801,33
27804,22
27809,-12
28195,-120
28197,-86
28199,13
28201,-90
28203,142
28205,25
28207,138
28209,-169
28211,1
28213,-75
28215,-83
28217,-192
28219,-26
28237,11
28239,20
28259,-59
28277,202
28279,-32
28307,-11
28309,54
28325,99
28327,-115
28329,-118
28355,186
28357,69
28359,48
28717,218
28719,150
28755,-49
28757,67
28759,117
28777,35
28779,-100
28790,-125
28816,42
28832,5
28844,-24
28857,-82
28865,40
28870,-26
28876,-100
28879,-190
29221,30
29223,91
29225,15
29227,119
29229,-39
29303,277
29308,-35
29313,13
29320,-40
29323,0
29328,-19
29331,24
29336,-80
29339,-137
29342,-132
29345,6
29348,84
29351,18
29352,79
29353,-24
29355,76
29356,-76
29358,-109
29359,-113
29361,23
29362,-21
29364,5
29365,-103
29367,91
29369,8
29378,47
29379,-5
29386,4
29389,-123
29392,139
29393,-59
29394,173
29396,-6
29399,6
29410,105
29413,-153
29416,-52
29439,-82
29451,-82
29456,-7
29459,12
29462,19
29465,-21
29468,-97
29471,156
29472,186
29473,208
29475,229
29476,-207
29478,22
29479,-73
29481,-68
29482,-40
29484,22
29485,75
29487,-88
29488,66
29490,278
29491,16
29493,-122
29494,-174
29496,51
29497,3
29499,-22
29525,-100
29549,-74
29553,-103
29556,149
29559,-9
29562,-94
29565,-15
29571,-95
29574,105
29575,-60
29576,-152
29578,146
29579,20
29581,61
29582,-86
29584,-47
29585,-158
29587,-80
29588,60
29590,-30
29591,-206
29593,-107
29594,34
29597,48
29599,93
29614,4
29633,-271
29640,205
29643,87
29646,34
29649,-74
29664,24
29683,-90
29690,-49
29693,-67
29699,59
30159,119
30161,85
30163,-26
30165,27
30167,-3
30169,-217
30171,-88
30173,-140
30175,-15
30177,149
30179,-108
30419,0
30449,25
30451,103
30453,29
30455,104
30457,98
30459,-93
30519,-34
30521,107
30539,-65
30559,83
30625,9
30627,137
30629,96
30655,36
30657,91
30659,-11
30669,-13
30823,60
30826,209
30827,12
30851,-85
30853,-91
30855,-76
30880,50
30890,-142
30900,219
30916,-62
30926,-19
30938,-69
30952,33
30966,310
30974,-5
30982,-307
30989,89
31008,-68
31020,-75
31028,53
31036,-148
31061,-44
31073,115
31079,-30
31084,-99
31089,50
31134,180
31135,47
31137,55
31139,147
31141,-77
31157,-121
31162,81
31167,-51
31171,-25
31174,248
31177,-15
31180,-44
31185,35
31188,-20
31191,-61
31195,-121
31199,-83
31224,84
31226,-25
31228,21
31234,77
31241,-144
31246,-42
31249,67
31275,5
31303,17
31311,168
31319,-28
31515,-130
31535,-6
31542,20
31547,17
31552,-78
31553,-150
31555,16
31556,33
31558,105
31559,-82
31582,103
31592,-65
31595,-208
31600,8
31603,151
31604,-88
31606,-40
31608,38
31609,191
31613,-72
31618,-9
31619,-2
31621,-182
31622,-51
31623,-12
31626,62
31627,-149
31628,233
31629,-134
31632,77
31633,-87
31634,18
31636,-270
31637,-92
31638,3
31655,-129
31675,-34
31683,-126
31688,-55
31691,119
31693,-92
31698,-46
31699,176
31700,-124
31702,-8
31707,-147
31708,-65
31710,205
31711,49
31712,94
31714,-11
31715,43
31717,-113
31718,129
31719,-92
31737,57
31749,0
31785,-42
31787,72
31789,-152
31812,-1
31832,-100
31840,74
31848,17
31855,108
31860,44
31863,-35
31867,107
31868,-68
32049,134
32051,-67
32052,135
32105,76
32107,-58
32108,-172
32120,61
32130,86
32139,25
32257,111
32278,-4
32289,-36
32312,84
32339,10
32351,-62
32361,-21
32369,-117
32423,-108
32425,27
32427,113
32429,15
32457,-41
32469,20
32479,78
32545,102
32547,-8
32549,-56
32584,-6
32602,7
32609,-73
32657,-3
32676,159
32683,-101
32689,50
32694,60
32699,-200
32756,181
32758,36
32760,33
32791,-84
32805,-7
32816,4
32825,-70
32832,-54
32839,-2
33014,-40
33034,27
33039,168
33098,302
33100,203
33102,-54
33104,18
33106,-104
33129,-150
33142,215
33154,130
33161,98
33165,-128
33175,36
33178,29
33181,-16
33184,24
33189,-36
33330,-80
33332,-117
33333,-37
33334,116
33335,29
33378,19
33397,-51
33415,-6
33428,-112
33442,348
33449,-88
33602,32
33604,-175
33605,-125
33607,-48
33609,-98
33611,-96
33613,-73
33615,52
33617,119
33619,65
33647,103
33649,-64
33659,54
33689,-116
33699,30
33719,-146
33729,-21
33739,-98
33758,-162
33775,89
33790,-27
33803,-24
33813,132
33818,75
33824,-201
33829,35
34117,-167
34119,126
34121,3
34123,0
34125,-50
34127,63
34128,112
34130,-26
34131,111
34132,102
34134,5
34212,25
34225,5
34233,180
34246,102
34253,47
34260,-28
34266,-271
34270,8
34277,-11
34281,-69
34286,242
34289,73
34292,-107
34295,-25
34298,35
34302,131
34305,83
34308,45
34311,-93
34314,39
34317,71
34320,-102
34323,26
34326,130
34327,56
34329,87
34346,-21
34355,146
34359,-209
34369,-69
34376,-97
34379,-80
34385,63
34388,76
34393,-137
34396,-85
34399,127
34414,-182
34431,-130
34434,-26
34439,148
34454,90
34466,-45
34471,82
34474,0
34477,-93
34479,79
34497,36
34508,-39
34513,61
34516,7
34519,37
34537,173
34549,-132
34560,37
34576,0
34582,-114
34587,83
34590,21
34593,-20
34596,174
34599,131
34613,27
34621,-18
34626,-159
34628,-46
34630,180
34632,-2
34633,30
34637,-8
34639,108
35037,96
35039,-81
35041,-55
35043,178
35066,-3
35075,49
35080,-198
35083,167
35085,-35
35088,-58
35091,67
35094,41
35096,-66
35099,210
35102,192
35104,90
35108,31
35110,130
35112,0
35114,87
35116,126
35117,-49
35119,14
35216,53
35232,135
35236,49
35239,7
35260,18
35274,26
35279,222
35282,6
35285,-16
35287,-48
35288,-188
35305,-20
35315,23
35321,100
35325,-83
35327,14
35329,14
35390,-3
35392,53
35394,107
35396,-98
35398,-25
35410,-164
35415,28
35418,29
35423,-46
35428,127
35435,72
35440,80
35444,56
35447,232
35452,6
35457,-88
35460,-20
35463,-119
35466,88
35469,-163
35510,-95
35516,-38
35519,-33
35576,-110
35578,109
35579,-80
35580,83
35581,-128
35582,107
35583,-58
35584,9
35585,23
35586,132
35606,72
35614,-56
35619,-47
35625,-165
35630,-46
35633,15
35638,-151
35641,-71
35644,81
35647,26
35649,-95
35683,-191
35684,-130
35685,-5
35686,-174
35687,-168
35688,21
35689,-3
35690,-20
35708,0
35713,-117
35716,26
35719,-127
35745,148
35753,63
35756,38
35759,191
35764,-3
35767,-91
35768,13
35781,-15
35789,-22
35792,-33
35794,-163
35796,34
35799,-146
36037,30
36039,-54
36041,90
36043,-39
36088,-28
36093,-46
36100,-81
36103,-75
36110,-70
36115,128
36119,50
36124,-149
36129,-55
36132,-155
36137,-162
36142,57
36145,8
36148,35
36151,-198
36154,6
36157,20
36160,-43
36163,-120
36166,-92
36167,-53
36169,31
36179,46
36199,-80
36205,-135
36208,-84
36211,123
36214,-10
36217,91
36219,-210
36251,-120
36266,-92
36269,-184
36272,35
36275,-91
36277,18
36280,20
36282,122
36284,-43
36286,5
36287,65
36289,108
36304,159
36318,1
36320,27
36323,-17
36325,-3
36326,42
36329,-22
36341,-5
36355,66
36358,-52
36364,-168
36367,-76
36369,-104
36381,-35
36391,-54
36396,-26
36399,82
36404,145
36414,5
36419,29
36433,158
36448,167
36452,98
36456,-92
36457,-143
36460,-130
36466,15
36469,126
37073,-105
37075,34
37077,-145
37079,-251
37081,-71
37083,160
37085,-95
37115,143
37120,-88
37124,105
37127,-126
37130,-28
37133,83
37136,-52
37139,-42
37154,-32
37170,83
37176,94
37181,36
37186,-221
37191,24
37194,-199
37197,42
37199,-101
37213,11
37214,209
37215,-160
37216,115
37217,31
37218,-147
37235,-33
37242,-123
37247,-98
37249,8
37269,94
37276,-33
37281,-44
37284,-141
37287,-51
37290,-99
37293,-66
37296,75
37297,-31
37299,29
37308,-17
37318,76
37327,-174
37339,-67
37345,-108
37351,103
37355,107
37359,137
37412,-68
37431,-53
37434,-93
37441,83
37444,62
37445,28
37520,130
37539,65
37574,11
37581,47
37586,86
37589,112
37603,74
37619,141
37620,-11
37627,-126
37632,158
37633,-21
37635,55
37639,57
37640,-92
37642,-25
37643,-64
37647,-131
37649,-74
37671,181
37688,31
37691,46
37696,5
37697,146
37699,81
38100,7
38102,121
38104,15
38106,-46
38108,-92
38110,-177
38112,61
38114,36
38116,-56
38118,64
38120,90
38122,30
38124,225
38126,20
38154,90
38159,6
38162,-119
38165,92
38170,66
38173,-61
38176,64
38179,46
38226,-120
38228,96
38229,-40
38239,156
38259,117
38268,-56
38271,36
38272,-66
38274,47
38275,7
38277,48
38279,134
38300,131
38302,-132
38304,-5
38312,58
38315,-196
38319,-92
38321,125
38322,-48
38324,26
38325,32
38327,-73
38329,181
38350,133
38364,-146
38368,-19
38372,-106
38373,-24
38375,-65
38376,-65
38378,100
38379,-82
38381,212
38382,28
38384,-64
38387,161
38440,130
38442,-86
38444,37
38446,-97
38448,71
38458,140
38459,-59
38461,131
38462,-57
38464,56
38465,-70
38467,-88
38468,43
38470,-149
38471,25
38473,70
38474,-91
38476,67
38477,-65
38479,20
38486,25
38489,-190
38518,-25
38524,93
38527,246
38528,34
38530,102
38531,80
38533,117
38536,-36
38539,-66
38542,62
38543,-122
38547,-93
38550,91
38551,-77
38553,-131
38554,27
38556,-51
38557,-110
38559,2
38640,43
38642,4
38644,70
38667,-39
38678,116
38685,-124
38690,-62
38700,-63
38704,-35
38707,57
38709,-94
38723,100
38729,-57
38820,-157
38822,36
38828,-46
38829,-27
38835,48
38836,79
38838,-16
38855,108
38871,100
38875,-48
38877,-137
38879,134
38889,-22
38895,28
38899,-98
39104,139
39106,163
39108,55
39110,73
39112,-38
39114,34
39116,1
39118,52
39120,-169
39122,-35
39124,42
39126,-12
39128,144
39130,-127
39164,7
39167,60
39171,-28
39175,-139
39179,-28
39217,29
39218,-9
39221,-100
39240,-35
39245,78
39249,-31
39261,37
39264,62
39279,4
39288,-35
39291,-65
39307,54
39317,99
39319,97
39326,-18
39340,74
39343,65
39345,-77
39356,178
39359,47
39365,48
39387,-35
39393,5
39397,-128
39418,-275
39435,38
39439,-89
39443,26
39444,-83
39446,140
39448,-27
39517,-100
39524,9
39539,-25
39576,-75
39579,176
39590,0
39596,-16
39606,-19
39615,82
39619,-85
39624,-20
39628,66
39629,128
39638,1
39646,-29
39649,61
40210,-41
40211,-48
40212,5
40213,0
40215,22
40217,-81
40219,-149
40221,46
40223,150
40225,37
40227,30
40229,-79
40231,-55
40233,53
40235,-71
40237,21
40239,-158
40468,-46
40470,-84
40472,-22
40474,-92
40476,-203
40477,84
40479,19
40489,70
40545,95
40547,24
40549,-48
40589,-35
40591,-109
40593,-48
40595,-41
40597,-166
40599,-84
40625,-144
40627,1
40629,-46
40667,-211
40668,127
40670,-113
40699,-32
40721,87
40723,142
40724,-266
40764,82
40789,72
40822,102
40878,-82
40880,0
40882,-221
40883,-71
40885,-43
41061,4
41063,120
41065,-70
41066,19
41068,-168
41069,-160
41169,204
41179,-116
41189,-143
41199,-101
41236,205
41238,17
41239,-35
41334,-25
41352,-74
41363,71
41366,-181
41372,-65
41379,21
41460,-106
41462,-17
41464,144
41466,81
41468,78
41469,-33
41470,-40
41472,-75
41515,11
41516,-150
41517,-74
41539,132
41540,-6
41541,40
41542,-92
41564,58
41569,-81
41747,-99
41748,-99
41749,-138
41751,-41
41812,-272
41836,-40
41844,-74
41849,120
42103,-12
42105,-84
42107,-200
42109,104
42111,-4
42113,60
42115,46
42117,-49
42119,144
42275,112
42277,97
42279,-79
42281,-161
42283,67
42285,22
42287,87
42289,137
42327,-249
42329,1
42349,-192
42369,68
42389,-9
42399,-109
42477,-35
42489,-170
42499,-32
42549,-235
42551,75
42553,-136
42555,50
42579,46
42651,-76
42653,-165
42655,74
42657,-3
42659,119
42697,211
42699,-136
42719,-26
42781,1
42799,-2
42853,27
42855,31
42857,148
42859,8
42897,-91
42899,208
42929,9
44135,-54
44137,48
44139,147
44141,-177
44143,30
44145,-111
44147,-12
44149,152
44225,54
44227,-202
44229,32
44263,-110
44265,60
44267,-69
44269,133
44287,107
44289,-32
44309,30
44319,-30
44328,146
44329,-7
44339,72
44357,68
44359,63
44369,-41
44379,-71
44388,78
44532,52
44534,3
44536,-65
44575,170
44577,-16
44579,-34
44581,-57
44623,173
44625,152
44627,-91
44628,-131
44629,33
44649,165
44651,146
44652,43
44653,75
44787,-151
44789,37
44791,23
44793,111
44795,-22
44797,-97
44799,-54
44801,-180
44803,126
44805,260
44807,252
44809,1
44866,-22
44867,96
44869,-186
44879,21
44892,-27
44894,-56
45127,-34
45128,-107
45130,-26
45131,-55
45133,-402
45134,31
45136,96
45138,-173
45139,-32
45141,128
45143,34
45144,-157
45145,25
45147,45
45149,89
45219,32
45239,-122
45257,-17
45259,115
45276,-46
45277,149
45279,-34
45289,-120
45307,75
45309,-31
45326,-125
45327,-37
45329,-100
45355,-10
45356,128
45357,-25
45359,218
45468,-19
45470,5
45472,-1
45473,-20
45475,82
45476,202
45478,96
45479,-108
45481,44
45525,24
45527,-12
45529,190
45549,-99
45657,38
45659,-79
45661,-70
45663,-113
45665,-126
45699,48
45701,-61
45711,129
45721,-151
45731,-133
45739,-38
45768,94
45770,-57
45772,-13
45879,39
45881,9
45883,80
45884,-108
45886,109
45888,58
45889,-84
45891,-159
45892,-156
45894,76
45896,19
45897,-37
45899,20
45964,-68
45966,155
45968,-70
46045,-145
46047,-38
46049,65
46117,83
46119,-244
46145,-67
46147,-29
46149,36
46236,-18
46238,178
46240,-53
46242,44
46244,-29
46282,40
46284,-30
46286,-75
46325,-65
46342,-35
46348,19
46354,66
46359,318
46395,-136
46397,197
46399,66
46414,205
46419,5
46446,233
46459,186
46483,52
46485,6
46487,58
46499,-44
46509,30
46514,-170
46519,-95
46535,110
46537,59
46539,6
46562,30
46569,29
47051,-84
47053,-58
47055,149
47057,84
47058,187
47059,192
47119,-67
47137,-127
47138,2
47139,40
47166,-189
47167,18
47169,21
47178,-136
47179,81
47198,-16
47199,34
47226,-130
47228,-106
47229,-50
47239,-117
47249,-89
47259,18
47269,-73
47279,92
47441,210
47443,-159
47445,-25
47447,29
47475,43
47495,51
47506,42
47509,-30
47533,67
47546,-86
47551,-53
47559,122
47574,-1
47589,29
47608,-204
47623,-24
47624,-234
47625,219
47626,63
47627,41
47638,-92
47647,-51
47652,-97
47661,12
47665,-30
47669,-16
47798,49
47799,56
47800,-35
47802,-19
47803,63
47804,43
47805,-56
47807,97
47809,90
47829,-59
47839,25
47877,63
47906,97
47918,-95
47929,-79
48143,35
48145,-37
48147,-143
48149,-79
48151,-126
48153,100
48155,168
48157,-44
48159,63
48161,288
48163,-111
48165,54
48167,8
48231,-266
48249,-20
48268,8
48282,87
48291,-18
48301,-38
48308,103
48317,180
48324,-96
48329,-123
48336,0
48341,18
48346,3
48351,-131
48356,-82
48361,-160
48366,-6
48369,-76
48429,135
48431,1
48432,114
48455,-21
48465,-36
48477,-27
48480,19
48485,12
48488,-108
48493,92
48496,118
48499,0
48527,-144
48529,155
48531,-67
48565,-35
48599,49
48607,169
48612,213
48619,-37
48624,52
48629,-14
48653,-94
48683,14
48691,-113
48703,-34
48712,148
48720,-27
48727,-124
48734,-256
48739,102
49074,21
49076,41
49078,50
49080,-16
49082,10
49084,153
49086,94
49088,-103
49090,-31
49124,-16
49134,-28
49143,98
49152,-93
49163,24
49170,17
49176,162
49179,-78
49186,57
49191,-59
49196,39
49201,1
49205,-190
49214,91
49219,-139
49324,33
49326,-62
49328,0
49356,81
49377,33
49393,-34
49401,-155
49406,55
49413,-37
49419,0
49424,-56
49429,212
49434,19
49439,133
49448,-57
49451,4
49453,133
49456,-36
49457,-32
49459,75
49477,-54
49479,-97
49492,54
49497,-70
49504,68
49509,-108
49525,83
49536,-21
49545,-90
49549,104
49565,-92
49577,155
49584,34
49586,-10
49593,128
49594,164
49596,9
49597,111
49599,-22
49610,88
49624,-111
49626,45
49632,124
49635,15
49637,-119
49638,196
49661,-23
49681,-56
49685,178
49688,10
49692,-10
49696,-43
49699,47
49716,57
49733,-122
49740,46
49744,-175
49751,-217
49757,-158
49762,212
49767,-86
49770,152
49774,-75
49777,-68
49779,12
49808,35
49809,-15
49811,16
49824,-57
49828,55
49832,-20
49835,49
49838,-39
49843,46
49844,-168
49846,18
49847,-13
49849,-8
50126,210
50127,105
50129,-157
50169,-63
50170,-20
50171,-136
50181,46
50189,-140
50226,-89
50259,-73
50321,171
50354,95
50374,-72
50389,15
50667,-5
50668,-98
50670,37
50672,-217
50674,200
50676,63
50677,-43
50678,47
50679,84
50733,79
50735,154
50737,27
50739,-31
50765,14
50767,-41
50769,-239
50823,-31
50825,63
50827,-103
50829,98
50858,95
50859,123
50931,-38
50933,111
50935,28
50937,95
50939,62
50968,-114
50969,-60
50996,-50
50997,-65
50999,9
51061,-55
51063,93
51065,-183
51067,140
51069,58
51103,16
51105,-141
51107,-44
51109,52
51143,-21
51145,172
51147,89
51149,-39
51371,4
51373,22
51375,83
51377,-156
51379,64
51381,20
51399,126
51427,150
51429,-53
51465,78
51467,-213
51469,2
51491,92
51503,141
51515,77
51519,-158
51545,79
51570,-43
51580,-108
51588,54
51597,12
51598,20
51643,-48
51645,-87
51647,-62
51674,232
51688,-158
51702,81
51709,69
51766,-36
51789,33
52062,-99
52064,79
52066,179
52068,-8
52070,40
52072,-146
52074,33
52076,6
52078,-166
52080,221
52134,9
52146,-113
52152,10
52156,-4
52159,-62
52222,-43
52223,36
52224,-161
52249,-44
52349,-104
52351,-119
52353,-28
52355,114
52372,52
52379,-8
52382,83
52385,-59
52388,121
52391,77
52393,-209
52396,-49
52399,-94
52428,21
52441,13
52445,-55
52457,43
52459,-35
52477,160
52499,59
52511,-35
52525,-136
52531,-152
52538,-119
53111,-38
53113,-49
53115,-53
53117,13
53119,108
53121,-24
53123,-8
53125,103
53127,123
53129,42
53173,69
53175,-90
53177,11
53179,68
53225,-20
53227,-44
53229,-33
53332,20
53340,259
53343,-10
53347,-56
53359,-164
53424,-10
53426,71
53474,124
53489,158
53498,24
53501,-161
53505,4
53506,33
53507,-192
53508,-93
53518,188
53520,76
53533,-43
53534,30
53539,-71
53545,16
53547,-19
53557,13
53560,-40
53562,-26
53567,0
53572,77
53577,24
53578,-53
53579,90
53604,-95
53619,-24
53639,163
53721,34
53757,6
53773,126
53783,-34
53797,16
53804,-308
53809,-136
53819,18
53840,67
53842,38
53844,-1
53859,44
53879,-153
53881,35
53894,-68
53902,45
53909,-66
53913,100
53919,-19
53925,79
53937,92
53940,-176
53945,13
53947,-76
53949,-94
54290,121
54292,-42
54293,68
54294,147
54295,87
54296,20
54298,-75
54306,60
54308,28
54309,5
54310,139
54311,66
54313,-164
54314,139
54316,93
54317,175
54318,-138
54320,76
54329,6
54331,102
54332,196
54338,-112
54340,-20
54341,-32
54343,-17
54344,-55
54346,78
54347,144
54349,-105
54411,138
54413,-76
54421,93
54422,27
54424,-133
54426,57
54427,9
54429,-32
54439,249
54441,116
54450,-24
54451,53
54453,114
54455,259
54456,181
54457,-50
54459,-50
54470,102
54472,-39
54483,217
54484,-51
54486,-96
54487,14
54492,-91
54497,38
54498,-37
54516,130
54518,-104
54523,-116
54524,-44
54526,-227
54528,-46
54529,109
54531,-34
54533,93
54534,57
54536,12
54538,163
54539,-5
54550,27
54552,-21
54558,37
54568,-17
54570,143
54574,145
54576,126
54578,-52
54579,-183
54584,-114
54585,18
54586,101
54587,-31
54589,2
54595,20
54597,24
54608,259
54610,-36
54611,36
54612,-57
54614,-8
54616,151
54617,182
54619,-148
54634,30
54636,-16
54646,-90
54647,82
54649,-62
54655,85
54657,-161
54662,67
54664,-18
54666,142
54668,-51
54669,-43
54673,-27
54675,58
54687,-88
54689,60
55116,-46
55118,84
55120,-163
55122,-128
55124,50
55126,33
55127,120
55128,-142
55129,43
55130,-45
55131,-142
55218,165
55232,149
55234,-44
55237,-145
55239,-111
55246,37
55252,-34
55257,-19
55262,11
55263,12
55268,-163
55270,-37
55271,226
55276,-44
55278,144
55283,141
55286,30
55288,86
55291,-151
55294,-139
55296,-2
55299,168
55411,-77
55413,-44
55422,73
55424,21
55425,46
55430,89
55432,38
55435,3
55437,-74
55442,-38
55444,-3
55450,94
55452,-42
55457,-25
55459,43
55469,7
55471,-58
55481,70
55483,88
55487,-60
55490,-148
55491,-25
55494,146
55496,-9
55497,-179
55499,124
55543,19
55545,46
55546,-89
55559,-17
55566,-117
55568,4
55569,-92
55571,-3
55576,-10
55578,166
55583,-19
55585,3
55590,8
55592,-47
55593,69
55595,0
55596,91
55597,-43
55599,-123
55606,3
55608,170
55618,-46
55619,77
55621,-40
55624,95
55626,-82
55627,123
55629,204
55743,-74
55756,30
55758,54
55765,111
55767,-67
55768,95
55774,120
55776,-140
55777,9
55779,-14
56068,16
56070,0
56072,19
56073,62
56075,-160
56076,70
56077,74
56112,-115
56130,107
56132,3
56133,91
56154,242
56170,-55
56179,87
56182,226
56191,66
56203,13
56204,61
56206,-341
56218,93
56220,100
56235,-5
56237,-33
56242,32
56244,-83
56249,-150
56253,-46
56254,-4
56269,-16
56271,40
56276,24
56281,-7
56283,-142
56288,-35
56290,-220
56291,-62
56294,2
56295,21
56299,59
56305,87
56307,20
56316,18
56317,-255
56321,-44
56322,-12
56323,31
56329,-120
56330,-54
56332,151
56333,64
56335,19
56337,59
56338,102
56340,95
56341,-12
56346,-105
56348,86
56349,36
56355,-20
56357,-116
56368,-129
56370,-19
56377,-6
56379,-66
56410,-5
56412,132
56414,-44
56422,-17
56424,-38
56427,174
56428,77
56457,-6
56459,-89
56462,7
56470,-205
56472,-39
56477,-40
56479,132
56564,44
56566,108
56567,46
56575,-34
56579,74
56581,-94
56584,28
56587,-90
56588,4
56589,-140
56593,37
56594,-76
56598,-33
56599,79
56626,34
56630,100
56637,49
56642,-69
56645,-36
56648,100
56651,123
56653,-137
56656,-71
56659,-17
56727,-17
56729,-3
56736,111
56743,68
56745,35
56746,-202
56751,-330
56753,127
56754,-34
56759,113
56761,12
56766,111
56767,75
56769,3
56812,-46
56814,191
56818,49
56820,-31
56821,90
56823,3
56825,41
56826,-79
56828,78
56829,4
56841,-64
56843,-48
56850,-81
56856,37
56858,17
56859,-23
56861,129
56862,-62
56864,93
56865,-222
56867,140
56869,-16
57072,101
57074,60
57076,22
57078,-73
57080,7
57223,86
57234,-79
57250,-118
57258,-78
57271,-110
57290,135
57299,51
57319,112
57334,39
57339,0
57368,89
57392,32
57399,-77
57413,-58
57439,-89
57462,-1
57482,-115
57489,36
57518,26
57520,176
57537,89
57539,145
57540,97
57548,76
57555,212
57562,107
57567,-74
57572,-111
57577,-80
57578,-150
57580,250
57581,-165
57583,131
57584,143
57586,-3
57587,128
57589,74
57610,-94
57612,-19
57614,7
57627,-130
57629,-144
57632,107
57635,-64
57636,-34
57638,156
57639,87
57641,-69
57642,-82
57644,-57
57645,-44
57647,-127
57648,16
58089,68
58091,76
58093,-79
58095,-104
58097,188
58099,94
58119,238
58135,147
58239,-119
58256,37
58285,-60
58300,22
58313,-20
58332,-152
58339,-87
58452,-77
58453,-254
58454,-102
58455,-114
58456,149
58507,-66
58509,-13
58511,-81
58513,-117
58515,28
58540,-9
58553,24
58566,104
58579,105
58636,97
58638,-209
58640,-141
58642,13
58644,121
58675,-48
58706,-13
58708,4
58710,-13
58730,-79
58739,138
58762,84
58769,-59
58791,-123
58802,61
58809,78
58840,-26
58849,146
59063,-59
59065,-50
59067,138
59069,-29
59071,-137
59073,96
59075,-109
59077,-129
59174,-40
59192,113
59199,62
59227,-66
59229,48
59269,-151
59302,61
59320,-77
59329,166
59348,-59
59368,26
59379,41
59387,161
59394,25
59399,-113
59423,-59
59425,-71
59427,19
59439,-17
59457,-35
59469,-50
59494,91
59505,26
59510,-40
59514,128
59519,-30
59555,142
59556,-85
59557,-121
59558,122
59581,-20
59590,-100
59597,-163
59602,40
59609,121
59755,-109
59757,-185
59759,55
59821,29
59823,119
59846,-192
59872,176
59889,-164
59909,13
59929,103
59939,-14
59955,79
59964,27
59969,-140
60306,-103
60308,17
60310,41
60311,-172
60312,70
60313,-8
60314,-77
60316,187
60318,19
60320,24
60322,62
60323,-170
60325,49
60326,-79
60327,112
60329,-78
60385,37
60386,-63
60388,-72
60389,-115
60431,10
60433,-56
60435,-137
60437,-23
60438,-115
60439,-33
60486,37
60487,-34
60488,-11
60489,40
60528,152
60529,-6
60549,84
60594,31
60596,-116
60598,14
60599,-96
61118,135
61130,-66
61137,-96
61138,157
61169,161
61184,-26
61191,22
61194,112
61197,137
61200,118
61203,87
61206,-118
61209,-23
61231,30
61239,-185
61250,3
61267,-53
61273,10
61276,-130
61279,88
61348,-102
61350,-177
61352,7
61381,-258
61389,-67
61440,-99
61449,16
61462,55
61476,31
61479,-27
63065,-35
63067,253
63069,-95
63071,21
63073,-88
63075,-56
63110,-212
63128,71
63150,-32
63165,-68
63179,39
63225,178
63263,24
63303,46
63322,66
63329,60
63450,89
63452,-41
63454,152
63456,81
63457,-68
63477,36
63486,24
63500,-128
63505,164
63512,-93
63517,-10
63526,10
63533,-29
63538,78
63543,-62
63546,-57
63549,88
63571,-113
63579,-102
63584,101
63589,-7
63594,193
63599,31
63607,-48
63619,22
63628,120
63633,68
63636,-68
63637,-10
63639,-55
63654,-221
63667,164
63674,-71
63679,110
63683,-318
63688,-114
63691,-80
63694,-2
63695,66
63697,-43
63699,131
63739,105
63741,68
63743,78
63755,58
63762,87
63768,10
63773,41
63776,79
63785,-15
63791,161
63796,-25
63801,-84
63808,10
63811,118
63814,-46
63820,-90
63825,180
63826,20
63828,36
63829,-38
63831,-28
63834,-151
63839,-13
63840,14
63843,-17
63846,59
63849,145
63853,-96
63856,30
63857,252
63860,124
63863,78
63864,-114
63867,0
63868,-57
63869,52
63871,-132
63872,133
63874,69
63875,-35
63877,-55
63879,-152
63897,-121
63906,103
63911,155
63916,39
63920,-232
63924,70
63925,42
63927,120
63928,-67
63930,-69
63931,-127
63933,78
63934,69
63936,24
63937,52
63939,-4
64283,3
64285,-54
64287,134
64289,-52
64291,175
64293,-78
64295,154
64297,178
64319,-15
64331,169
64342,96
64347,-148
64354,-90
64367,-76
64372,-141
64380,31
64385,80
64390,-57
64395,6
64397,-42
64401,70
64404,130
64405,-78
64407,-154
64409,-44
64521,227
64546,47
64560,52
64569,189
64572,-31
64579,101
64584,-18
64589,14
64625,197
64646,-86
64653,131
64658,54
64665,43
64668,-100
64673,40
64678,-35
64683,-126
64686,-111
64689,6
64711,8
64720,162
64732,34
64739,61
64747,64
64750,22
64753,82
64754,43
64756,-83
64757,-222
64760,165
64807,29
64823,-198
64832,84
64839,64
64846,211
64850,-52
64853,-24
64859,30
65183,-42
65185,-55
65187,84
65189,63
65191,16
65193,-112
65195,16
65197,9
65199,97
65201,15
65203,-23
65205,22
65207,-63
65232,-154
65239,-100
65307,-30
65321,70
65326,0
65329,-21
65343,-45
65344,-80
65345,199
65346,-26
65347,119
65366,-55
65375,-81
65385,58
65388,8
65391,35
65396,12
65399,90
65428,-102
65439,82
65451,132
65462,189
65468,59
65474,29
65479,-82
65510,-71
65520,-127
65527,31
65529,-71
65549,159
65550,-127
65551,-13
65552,140
65553,-81
65554,-10
65555,96
65556,22
65558,-101
65582,66
65589,15
65594,0
65597,193
65599,-53
65604,30
65606,15
65611,68
65614,-34
65618,29
65620,-33
65623,-90
65624,10
65626,19
65627,75
65629,-38
65719,-102
65760,-21
65779,60
65795,22
65812,86
65817,-65
65824,186
65830,-111
65835,-3
65843,-69
65929,262
65931,125
65933,26
65934,187
65936,26
66111,132
66113,169
66115,112
66117,61
66119,25
66121,-99
66123,-23
66125,-99
66126,84
66127,54
66128,-7
66129,-13
66130,62
66131,-184
66132,-75
66133,-48
66265,80
66271,19
66280,30
66287,84
66292,-4
66299,-51
66333,-225
66346,77
66352,-18
66359,-135
66386,-37
66399,66
66424,-78
66440,-134
66450,-73
66453,52
66459,118
66482,200
66484,-136
66497,-3
66500,133
66501,-57
66503,5
66504,-56
66506,28
66507,41
66509,-45
66538,-64
66539,53
66540,-7
66557,-91
66564,123
66571,-135
66578,15
66583,105
66589,175
66606,-61
66620,153
66625,68
66629,-46
66636,-108
66640,-39
66646,-110
66649,-149
66663,59
66679,18
66687,-1
66693,48
66701,-108
66706,-17
66709,70
66740,119
66763,-118
66773,40
66780,-25
66787,-58
66793,-25
66798,-38
66802,79
66806,-75
66809,31
66822,-32
66839,124
66849,-92
66851,-203
66862,-16
66869,343
66871,-85
66877,-80
66879,88
66882,14
66885,-86
66887,78
66892,16
66894,-64
66901,-117
66903,107
66904,-49
66907,-85
66909,108
66914,-9
66916,-46
66917,27
66919,-68
66953,-167
66954,81
66955,20
66957,-179
66969,-8
66976,-26
66978,23
66981,-23
66987,1
66989,-33
66994,-7
66996,-130
66999,129
67059,7
67061,-69
67063,-25
67065,62
67067,-56
67069,-23
67071,76
67098,-26
67105,5
67112,-23
67117,142
67122,-77
67125,-68
67126,-114
67127,73
67133,-43
67134,152
67136,-25
67141,294
67146,-75
67147,-157
67149,-24
67150,106
67152,55
67157,-264
67158,-53
67159,-46
67161,47
67165,31
67166,-38
67167,-170
67169,-30
67227,32
67229,15
67240,21
67245,35
67246,9
67251,-212
67256,66
67258,158
67259,85
67269,13
67271,-230
67273,34
67278,-27
67280,-56
67281,-40
67283,3
67292,45
67294,-109
67295,0
67297,-166
67304,17
67305,67
67307,-46
67308,-14
67310,63
67311,-49
67316,118
67317,66
67319,44
67346,31
67354,-17
67360,94
67361,-185
67363,82
67365,152
67366,-84
67368,-13
67373,26
67374,47
67376,102
67377,-122
67378,45
67433,82
67434,-155
67435,-61
67454,192
67459,-77
67466,27
67468,276
67471,122
67472,9
67473,255
67475,38
67480,101
67482,-25
67483,-44
67487,-26
67489,-42
67547,271
67549,-26
67550,-77
67551,95
67574,-60
67575,-218
67577,257
67578,2
67580,-74
67582,-27
67583,-47
67585,118
67586,52
67587,55
67590,100
67591,39
67592,-89
67593,-60
67595,24
67596,-54
67598,58
67599,-97
67655,-23
67657,151
67659,94
67661,-137
67663,116
67677,-21
67678,-160
67680,125
67681,36
67685,-147
67686,-56
67688,29
67691,-8
67693,-90
67697,-78
67699,23
67700,-42
67701,-56
67705,-147
67706,69
67707,169
67714,7
67715,-152
67716,-53
67718,-149
67722,72
67724,-140
67725,-22
67727,49
67728,294
67729,-142
67731,-95
67732,-45
67734,70
67735,-121
67737,-323
67742,97
67744,-120
67745,-121
67746,-75
67748,-132
67749,96
67752,29
67753,-15
67754,-46
67756,-61
67757,18
67759,35
67806,108
67808,95
67811,30
67813,103
67814,-29
67816,172
67817,-83
67819,-77
67821,189
67822,0
67823,-109
67824,85
67826,-34
67827,-244
67829,-30
68159,72
68161,-244
68163,143
68165,-95
68167,56
68169,-43
68199,68
68219,89
68229,64
68239,-65
68259,-61
68305,-6
68307,129
68309,-36
68519,59
68526,-18
68535,-14
68542,95
68549,-126
68623,-13
68642,-166
68647,-283
68649,-31
68723,-12
68753,-58
68766,132
68775,-56
68782,-76
68789,132
68794,-57
68799,-37
68804,0
68809,99
69115,82
69117,-40
69118,-46
69120,-231
69121,-31
69123,-117
69124,138
69126,-143
69151,-119
69168,-45
69181,61
69190,-75
69198,73
69207,59
69214,29
69221,-146
69226,-144
69231,-122
69234,62
69239,-119
69242,82
69245,-36
69250,8
69251,-118
69253,67
69254,55
69256,-161
69257,168
69259,-12
69412,44
69427,89
69429,-56
69434,163
69436,33
69437,33
69439,-63
69469,-103
69483,-64
69488,-42
69493,-59
69502,30
69509,-53
69514,11
69517,154
69518,65
70173,-86
70174,250
70176,27
70178,0
70180,-62
70182,31
70184,28
70186,130
70188,47
70190,71
70191,29
70192,4
70193,-105
70195,0
70197,97
70199,-33
70327,71
70329,11
70372,32
70374,-5
70376,44
70378,40
70435,57
70437,215
70439,106
70469,-186
70499,53
70563,-67
70565,179
70567,-26
70569,31
70597,135
70599,162
70619,49
70629,0
70734,17
70736,-82
70771,107
70794,-51
70806,56
70825,-117
70839,25
71032,174
71034,36
71063,10
71065,118
71067,50
71069,-35
71083,31
71088,0
71093,-89
71101,-45
71106,-52
71111,94
71116,63
71120,96
71126,21
71131,-61
71134,-56
71139,-150
71144,58
71149,-103
71154,100
71155,-100
71157,30
71159,13
71229,85
71254,-43
71263,49
71272,108
71277,-20
71282,-143
71287,135
71292,19
71296,-58
71297,78
71299,61
71332,111
71334,36
71336,-182
71364,-69
71384,-53
71394,76
71397,-71
71404,141
71409,-118
71522,-40
71540,141
71543,-91
71546,-82
71549,57
71554,137
71560,-47
71563,-35
71566,-120
71570,59
71573,-218
71576,102
71577,3
71579,141
71634,175
71636,-92
71638,14
71640,-41
71642,-16
71665,4
71672,41
71679,-2
71686,-58
71691,4
71696,115
71701,-44
71706,179
71711,134
71717,139
71720,-21
71723,-50
71726,82
71729,-25
71732,-8
71735,-47
71737,-38
71739,23
72070,72
72072,53
72074,81
72076,-53
72108,-59
72116,-298
72119,31
72124,-17
72127,18
72131,-17
72135,43
72138,59
72141,159
72144,-4
72145,155
72147,-91
72149,-7
72160,172
72172,-23
72175,-124
72178,29
72181,-63
72184,24
72186,115
72189,-82
72202,-11
72213,192
72218,-44
72221,37
72224,-7
72226,-103
72227,140
72229,-139
72250,-15
72270,147
72275,-59
72280,-49
72285,83
72290,237
72293,-52
72294,-38
72296,-74
72297,52
72299,-86
72336,-154
72348,-25
72351,-28
72355,-167
72356,219
72358,-26
72359,-58
72361,-16
72362,-30
72364,68
72365,104
72367,127
72369,-48
72379,35
72393,-54
72401,-164
72406,64
72411,42
72414,-86
72415,74
72417,-148
72419,76
72458,-19
72459,-17
72461,12
72469,23
72474,-43
72475,-310
72477,-41
72479,12
72488,112
72501,-235
72505,165
72510,23
72511,-59
72513,98
72514,135
72516,-99
72517,-111
72519,-29
72525,-32
72531,-183
72532,-156
72534,60
72535,42
72537,34
72539,97
72555,-146
72574,-2
72581,101
72582,-85
72584,-45
72585,29
72587,39
72589,-51
72622,-84
72631,35
72636,-4
72639,103
72644,123
72649,101
72654,44
72655,-97
72657,36
72658,30
72660,-17
72661,80
72663,121
72664,-151
72666,49
72667,35
72669,93
72760,72
72762,-35
72764,82
72766,-118
72768,88
72770,-27
72793,154
72800,-65
72805,-8
72810,-1
72813,56
72818,77
72820,20
72827,-4
72829,192
73033,3
73035,-84
73037,-55
73054,-25
73061,-49
73066,-35
73072,-108
73079,33
73084,96
73087,34
73092,-171
73095,-20
73098,-125
73099,-121
73101,35
73102,-63
73104,80
73105,-4
73107,-84
73108,123
73110,-81
73111,66
73113,-74
73114,82
73116,-24
73117,-84
73119,-68
73207,-107
73230,-111
73235,157
73240,78
73249,29
73252,-5
73257,-280
73262,-107
73265,213
73266,-44
73268,-50
73269,-127
73271,31
73272,26
73274,18
73275,129
73277,124
73278,78
73312,6
73326,39
73329,89
73333,96
73337,-7
73340,77
73342,68
73344,56
73345,81
73347,-29
73349,181
73430,33
73431,-174
73432,21
73433,-159
73434,-49
73441,-165
73447,136
73450,10
73453,-22
73457,26
73460,38
73463,-193
73466,-12
73467,-121
73469,-7
73479,57
73485,-36
73486,-9
73488,-168
73489,-176
73491,129
73492,-105
73494,-258
73495,81
73497,154
73499,162
73525,127
73527,-75
73529,-25
73540,126
73547,-102
73550,-70
73553,56
73557,-44
73560,-86
73563,43
73565,-102
73566,-17
73568,239
73569,-183
73571,-70
73572,200
73574,-92
73575,24
73577,-3
73579,24
73614,-281
73630,32
73635,80
73642,-146
73650,-119
73655,-152
73660,38
73663,-16
73666,10
73667,-93
73669,-56
73728,-120
73730,-11
73732,-27
73733,-244
73734,140
73760,-40
73765,-45
73770,56
73773,45
73776,-53
73779,-70
74072,-98
74074,11
74076,160
74078,-109
74080,63
74081,96
74172,4
74177,35
74182,-83
74189,-15
74193,75
74196,-43
74199,-6
74206,34
74211,40
74214,51
74219,27
74223,-73
74226,-54
74229,-45
74232,-95
74235,-92
74238,-60
74239,-102
74243,-32
74245,57
74246,-105
74248,-82
74249,147
74251,-211
74252,-188
74254,-86
74255,-180
74257,19
74259,29
74321,-33
74336,-131
74343,-47
74348,-63
74354,158
74357,55
74360,-31
74363,0
74366,20
74369,-100
74372,-123
74374,147
74376,-120
74379,-138
74382,50
74385,-70
74388,0
74389,9
74391,-10
74392,-79
74394,-43
74395,-75
74397,-102
74399,35
74405,65
74417,133
74420,129
74423,-55
74424,-133
74426,179
74427,-58
74429,95
74523,-167
74532,-109
74535,-125
74538,9
74541,118
74542,-43
74544,90
74545,80
74547,35
74549,32
74564,-180
74572,-86
74575,-49
74579,-147
74582,-53
74585,0
74586,-149
74589,29
74592,-178
74594,49
74595,95
74597,79
74599,-31
74613,56
74626,121
74629,19
74632,100
74635,47
74638,-203
74639,-111
74653,-47
74670,-114
74673,36
74676,-69
74677,110
74679,118
74706,-49
74722,108
74731,24
74736,-120
74740,109
74743,204
74744,79
74746,20
74747,-215
74749,-22
74821,-67
74831,2
74834,52
74838,-38
74842,-122
74847,17
74850,-29
74855,424
74858,-86
74861,18
74862,153
74864,90
74865,-2
74867,90
74869,-41
74889,-74
74906,53
74909,-255
74912,7
74915,154
74918,-211
74921,19
74924,-110
74925,-221
74927,202
74928,-121
74930,55
74931,-149
74933,36
74934,30
74936,-71
74937,-61
74939,255
75015,140
75031,31
75038,-38
75045,141
75050,-83
75053,162
75056,-92
75057,99
75059,-26
75172,-50
75173,-145
75175,-33
75177,-104
75179,186
75180,134
75181,-6
75196,34
75203,27
75210,-61
75217,142
75223,31
75228,194
75233,33
75236,26
75239,-79
75242,-76
75245,78
75248,-33
75249,-102
75305,52
75323,-9
75328,-132
75331,-17
75334,-22
75335,-108
75337,78
75339,34
75365,52
75378,-162
75382,-260
75385,78
75387,5
75389,78
75391,-155
75392,-38
75394,70
75395,-6
75397,-151
75399,64
75417,28
75428,83
75433,-8
75438,54
75443,16
75446,83
75447,-49
75449,98
76131,-60
76133,77
76135,-157
76137,-57
76139,-94
76149,1
76185,15
76187,-56
76189,-50
76199,7
76227,-5
76228,-43
76229,-95
76275,43
76287,-4
76297,-108
76307,-82
76316,-25
76327,-5
76332,-27
76337,173
76344,70
76351,-81
76356,37
76359,33
76437,-95
76448,-121
76456,139
76461,-104
76467,78
76470,-61
76473,109
76474,-41
76476,-89
76477,-89
76479,6
76530,-18
76532,-124
76534,131
76547,-21
76549,-197
76571,-67
76593,0
76596,-78
76597,-141
76599,-188
76646,-151
76661,43
76669,28
76676,-22
76684,17
76689,124
76694,112
76698,51
76703,-61
76706,-53
76707,100
76709,42
76726,-41
76744,86
76751,145
76756,-52
76761,-107
76764,-119
76767,-80
76768,-9
76770,-99
76771,89
76773,-6
76774,51
76776,23
76777,58
76779,34
76829,95
76831,63
76833,1
76835,-58
76846,-60
76848,-5
76855,4
76857,-98
76863,117
76865,-28
76870,-100
76872,-47
76877,20
76879,215
76887,-211
76889,88
76891,26
77652,13
77654,42
77656,-27
77694,-35
77704,-45
77709,-63
77716,6
77723,175
77728,98
77731,77
77736,70
77740,-16
77743,-92
77746,-265
77749,40
77756,13
77761,-105
77767,-24
77770,90
77773,-1
77776,133
77781,48
77784,-112
77787,108
77790,105
77791,-167
77793,-11
77794,-9
77796,-4
77797,86
77799,110
77815,-8
77830,3
77833,-39
77836,-25
77839,-32
77855,137
77866,107
77871,149
77876,-127
77880,-180
77883,-114
77886,122
77887,-86
77889,-2
77933,-120
77948,55
77955,172
77960,52
77963,-56
77966,8
77971,95
77972,-23
77974,6
77975,77
77977,-222
77978,-199
78048,-86
78050,68
78052,-41
78054,188
78056,-113
78073,11
78078,114
78083,163
78086,-16
78087,-93
78089,-90
78098,147
78112,86
78120,-57
78126,-1
78132,11
78136,24
78141,-106
78144,-85
78147,2
78148,90
78166,73
78176,-124
78183,89
78187,-31
78194,57
78199,71
78224,6
78234,-79
78239,102
78244,-78
78247,180
78250,81
78253,130
78256,177
78259,62
78262,-29
78266,124
78267,-40
78269,-46
78315,-33
78333,68
78337,-117
78343,-123
78345,73
78351,-43
78354,82
78355,-52
78357,-25
78359,-84
78462,-38
78464,13
78465,-159
78467,-66
78476,-214
78479,-14
78532,-14
78549,43
78554,-136
78559,-27
78564,-43
78567,19
78570,-3
78573,136
78576,-73
78579,-48
78580,-61
78582,-8
78583,-17
78585,-118
78586,-11
78588,123
78589,-253
78591,-101
78592,29
78594,87
78595,-13
78597,58
78598,126
78600,-4
78601,-32
78603,128
78604,-75
78606,54
78607,-141
78609,14
78628,139
78647,-11
78652,-20
78655,11
78658,-60
78661,45
78662,-5
78664,133
78665,-180
78667,-172
78669,45
78713,22
78727,63
78730,-12
78733,-184
78736,-176
78737,-97
78739,-1
79098,-69
79100,129
79102,44
79104,-48
79106,-6
79108,-51
79110,-167
79111,49
79112,202
79114,14
79115,125
79117,99
79183,-15
79189,-46
79194,50
79199,58
79206,241
79211,-18
79215,85
79219,30
79224,-46
79227,-89
79232,4
79235,85
79238,-154
79241,-62
79244,-3
79249,149
79252,-247
79254,146
79256,32
79258,-239
79261,108
79263,52
79268,-158
79271,5
79274,-74
79276,-40
79279,41
79280,-119
79282,9
79283,19
79285,24
79286,-8
79288,-72
79289,74
79291,92
79292,51
79294,-35
79295,-14
79297,23
79299,59
79312,-89
79331,116
79336,-6
79341,233
79346,-59
79348,98
79350,-72
79353,63
79356,57
79359,24
79361,-96
79362,94
79364,3
79365,47
79367,-154
79369,-11
79379,-24
79395,-218
79400,94
79410,-156
79415,43
79418,121
79423,-24
79424,8
79426,-45
79427,-128
79429,190
79539,49
79540,3
79541,8
79576,-43
79585,8
79588,-1
79589,54
79591,16
79592,59
79594,11
79595,-32
79597,-51
79599,-26
79618,-10
79639,228
79650,58
79664,-49
79669,-21
79674,25
79677,195
79682,166
79685,21
79686,17
79688,-31
79689,-64
79692,-2
79694,92
79695,109
79713,-163
79725,-75
79730,-54
79733,178
79736,75
79737,-74
79739,18
79761,56
79771,60
79774,-253
79777,25
79780,-62
79787,29
79790,-82
79793,82
79798,57
79801,-17
79802,8
79804,32
79805,-141
79807,-146
79809,-62
79822,-90
79837,-200
79843,-64
79848,-56
79853,-45
79856,-37
79859,-13
79862,66
79865,43
79868,82
79871,15
79872,198
79874,-23
79875,-165
79877,95
79879,-145
80331,-144
80333,-64
80335,-121
80336,90
80337,172
80339,18
80469,68
80538,-138
80539,74
80634,20
80636,144
80637,80
80638,-60
80639,72
80686,21
80687,203
80689,36
80796,-21
80797,6
80798,-158
80799,-65
80801,-23
80802,6
80803,108
80804,26
80805,7
80807,79
80809,-177
80933,-10
80935,124
80937,-76
80939,112
80992,-75
80993,3
80995,-22
80997,-83
80999,13
81241,-44
81243,97
81245,100
81247,-52
81249,-49
81369,56
81371,-126
81373,-92
81375,-32
81377,-10
81379,-7
81475,14
81476,158
81477,-39
81479,93
81539,-132
81541,92
81543,-100
81545,86
81547,-50
81549,-41
81667,-200
81669,97
81671,50
81673,-30
81675,48
81677,-135
81679,-90
81735,137
81737,-68
81739,-88
81825,-195
81827,-17
81829,58
81925,90
81927,134
81929,-35
82008,-3
82024,162
82031,-93
82041,36
82049,63
82054,102
82057,-14
82061,-31
82064,-65
82065,-141
82067,-44
82069,81
82110,70
82131,-110
82140,-113
82152,218
82166,37
82178,-45
82194,-7
82205,-48
82211,-23
82216,-75
82223,-281
82229,136
82234,40
82237,120
82239,39
82256,2
82266,-218
82269,-24
82272,-9
82275,-168
82276,-44
82278,-22
82279,208
82281,20
82284,-120
82285,-49
82287,-103
82288,-122
82290,102
82291,59
82293,63
82294,-175
82296,130
82297,-76
82299,-65
82319,5
82327,-124
82335,-13
82340,-177
82343,141
82346,90
82347,18
82349,161
82362,66
82377,112
82380,-79
82383,14
82386,-150
82387,19
82389,-35
82390,58
82392,58
82393,27
82395,-122
82396,-120
82398,163
82399,22
82401,12
82402,57
82404,8
82405,96
82407,-120
82409,9
82418,-141
82431,-80
82432,-46
82433,-188
82435,-46
82436,-5
82438,142
82439,0
82441,-7
82442,-151
82444,-69
82445,78
82447,148
82449,-60
82467,-27
82475,-122
82481,109
82487,72
82488,-43
82490,41
82491,33
82493,100
82494,3
82496,-232
82497,3
82499,49
82515,-55
82538,-6
82541,-23
82544,25
82547,67
82549,-173
83022,197
83024,-99
83026,169
83043,157
83052,-129
83059,37
83064,-35
83071,-42
83075,-129
83080,78
83083,33
83088,-23
83093,14
83098,-166
83101,-9
83104,-7
83109,-16
83112,-34
83115,151
83119,-135
83122,125
83123,-15
83125,-53
83126,108
83128,-145
83129,140
83131,119
83132,-116
83134,102
83135,-127
83137,-106
83139,-37
83209,-22
83224,9
83229,-28
83233,10
83236,37
83242,-160
83246,-116
83250,-81
83253,2
83254,-68
83256,30
83257,-32
83259,-299
83278,3
83301,69
83308,-41
83313,-137
83317,-68
83324,11
83329,-36
83334,-91
83339,-280
83342,-88
83346,-76
83349,85
83352,-101
83355,135
83358,-107
83361,49
83362,199
83364,-49
83365,152
83367,-82
83368,43
83370,119
83371,32
83373,7
83374,-17
83376,244
83377,130
83379,8
83395,225
83404,93
83410,-118
83413,247
83416,148
83417,-49
83435,-115
83451,90
83454,-100
83457,161
83458,113
83471,70
83483,10
83486,-144
83487,112
83512,-78
83527,41
83530,-70
83533,94
83536,89
83539,-112
83543,-47
83544,-29
83546,322
83547,4
83549,132
83550,24
83553,31
83555,105
83556,-127
83558,44
83559,110
83561,-28
83562,-11
83564,-2
83567,-291
83569,47
83607,-46
83620,6
83623,46
83624,-63
83626,-61
83627,149
83629,-116
83646,-137
83661,-53
83666,41
83670,-28
83671,209
83673,31
83674,-58
83676,167
83677,-24
83679,139
83684,17
83700,-49
83703,41
83707,-113
83708,-201
83714,5
83727,20
83730,-56
83734,-134
83735,103
83737,1
84028,94
84030,246
84032,-42
84034,-48
84036,132
84048,100
84051,212
84056,-60
84061,58
84066,86
84069,13
84072,12
84076,115
84079,-50
84082,151
84085,-63
84088,-85
84089,-70
84091,138
84092,2
84094,61
84095,77
84097,-247
84098,109
84100,35
84101,-75
84103,-6
84104,-60
84106,-99
84107,124
84109,87
84130,18
84137,-46
84140,-26
84144,-221
84149,101
84152,-97
84155,21
84160,-174
84163,120
84164,-131
84166,212
84168,6
84169,50
84171,-147
84172,69
84174,-40
84175,-115
84177,-78
84178,-77
84180,35
84181,-83
84183,8
84184,9
84186,-18
84187,12
84189,-10
84307,-23
84323,27
84326,41
84329,38
84332,-70
84333,-44
84335,94
84337,94
84339,-63
84347,-59
84359,-166
84364,76
84367,21
84371,3
84375,53
84378,-59
84381,82
84384,-108
84385,-38
84387,23
84389,-270
84405,21
84416,-15
84419,-86
84424,14
84427,215
84428,-104
84431,-59
84432,-121
84434,37
84435,195
84437,165
84439,-46
84453,-111
84478,-54
84489,-33
84494,191
84503,74
84508,-41
84513,-33
84518,-12
84524,-111
84529,-89
84533,25
84539,-25
84543,-94
84544,-73
84546,-90
84547,91
84549,-76
84550,-109
84552,-73
84553,100
84555,-117
84556,116
84558,-53
84559,-86
84561,66
84562,-95
84564,-101
84565,45
84567,1
84568,79
84570,99
84571,66
84573,21
84574,47
84576,12
84577,32
84579,29
85049,-70
85051,-106
85053,21
85055,-17
85057,79
85072,47
85077,43
85080,-26
85084,-21
85088,-10
85092,16
85095,-34
85098,123
85101,-30
85104,52
85107,-24
85110,-138
85111,55
85113,238
85114,9
85116,113
85117,-117
85119,32
85120,-1
85122,43
85123,45
85125,-103
85126,-50
85128,87
85129,-90
85131,74
85132,-2
85134,81
85135,-94
85137,-14
85139,44
85221,-172
85229,173
85232,28
85235,110
85238,18
85241,-100
85244,-1
85247,-36
85250,-46
85253,-33
85254,83
85256,-34
85258,-90
85259,101
85276,-55
85283,161
85290,-130
85293,2
85296,-17
85298,-5
85301,79
85302,57
85304,20
85305,-5
85307,-25
85309,-157
85354,-3
85356,8
85368,49
85375,135
85376,-37
85386,-73
85391,54
85395,25
85399,-80
85402,-138
85405,-110
85406,60
85408,131
85410,-254
85411,-103
85413,110
85414,33
85416,50
85417,124
85419,128
85435,90
85445,-79
85447,14
85452,-81
85456,-127
85457,39
85459,13
85461,9
85462,-22
85464,120
85465,-207
85467,157
85469,-144
85521,-16
85540,50
85551,52
85560,54
85567,-97
85570,15
85579,-247
85586,-49
85591,-123
85598,-81
85599,137
85604,-189
85609,-54
85614,335
85617,-77
85622,-69
85625,70
85630,-72
85635,-11
85640,-11
85643,-175
85646,-265
85649,-46
85652,-99
85653,-69
85656,56
85658,-320
85659,1
85661,-181
85662,85
85664,12
85665,-99
85667,119
85669,1
85716,20
85737,33
85748,-75
85757,-54
85764,190
85774,-91
85777,79
85778,-97
86150,41
86152,-88
86153,8
86154,92
86156,80
86157,29
86159,81
86161,-17
86163,-33
86165,-20
86167,71
86169,-45
86179,51
86199,80
86316,76
86343,-38
86356,-149
86368,-225
86381,103
86391,111
86399,-72
86405,-83
86415,109
86420,-103
86424,-87
86438,141
86441,16
86444,-83
86447,-151
86450,123
86453,-41
86456,55
86459,172
86462,-143
86465,-4
86470,-82
86473,7
86476,-18
86477,-10
86479,-45
86480,-52
86482,-40
86483,200
86485,90
86486,-85
86488,95
86489,53
86491,3
86492,9
86494,79
86495,-30
86497,-31
86498,-32
86500,5
86502,-124
86504,90
86505,-64
86507,-68
86508,63
86510,32
86511,0
86513,33
86514,-107
86517,34
86519,162
86529,93
86551,125
86554,11
86556,-140
86558,-6
86559,1
86561,9
86562,-125
86564,69
86565,-25
86567,-178
86568,10
86570,-25
86571,-29
86573,-11
86574,199
86576,-8
86577,103
86579,-44
86609,15
86633,-26
86637,-133
86641,-27
86643,35
86647,-60
86650,116
86653,-125
86655,-108
86657,-11
86660,-53
86663,-13
86666,9
86668,-32
86669,99
86672,124
86673,46
86674,-101
86675,-26
86676,-120
86678,45
86679,198
86681,-105
86682,0
86684,-76
86685,-6
86687,-134
86688,10
86690,117
86692,136
86694,-102
86695,-96
86697,-101
86698,-184
86700,97
86701,82
86703,-68
86704,0
86706,-53
86707,63
86709,250
86720,-143
86732,-56
86733,75
86735,-52
86736,89
86738,-74
86739,81
86741,45
86742,-149
86744,28
86745,-38
86747,208
86748,32
86750,61
86751,-61
86753,-119
86754,53
86756,94
86757,-189
86759,-173
86807,224
86825,10
86830,-124
86833,228
86836,104
86842,74
86845,-44
86850,-76
86853,240
86854,-121
86856,112
86857,-164
86859,-15
86860,-43
86862,16
86863,-6
86865,-131
86866,90
86868,110
86869,-9
86871,28
86872,8
86874,74
86875,35
86877,170
86879,187
86899,125
86911,1
86916,79
86919,88
86920,-107
86922,60
86923,-91
86925,34
86926,-178
86928,137
86929,-126
86931,10
86932,63
86934,11
86935,60
86937,71
86938,-110
86940,-167
86941,-148
86943,148
86944,1
86946,104
86947,161
86949,58
86956,-130
86971,-179
86972,163
86974,-16
86975,-127
86977,-12
86978,55
86980,-187
86981,98
86983,200
86984,-125
86986,-236
86987,92
86989,-37
87435,111
87437,-60
87439,-14
87448,-51
87452,-16
87459,-8
87463,-2
87466,-2
87471,123
87474,-161
87477,8
87480,-103
87484,-63
87487,-25
87488,-80
87490,228
87493,-18
87494,127
87496,-7
87497,35
87499,68
87509,-147
87527,-136
87534,-34
87538,-64
87541,180
87544,135
87545,141
87547,-47
87549,16
87561,-20
87600,135
87616,-44
87629,-86
87634,45
87637,-57
87640,84
87642,63
87645,25
87647,-156
87648,-43
87650,-93
87651,5
87653,70
87654,9
87656,-230
87657,-5
87659,87
87660,-96
87662,-50
87663,72
87665,-17
87666,17
87668,58
87669,13
87671,13
87672,147
87674,131
87675,-27
87677,-159
87679,-94
87700,56
87719,151
87724,93
87727,68
87730,-87
87733,-100
87734,-90
87736,9
87737,253
87739,-30
87740,188
87742,-226
87743,-39
87745,10
87746,-74
87748,106
87749,250
87751,84
87752,120
87754,-42
87755,126
87757,34
87758,114
87760,-29
87761,-25
87763,-13
87764,-136
87766,-3
87767,-52
87769,-23
87770,114
87772,-11
87773,30
87775,5
87776,56
87778,221
87779,-31
87781,225
87782,-61
87784,-108
87785,80
87787,10
87789,-63
88045,98
88046,-89
88048,-86
88069,75
88074,78
88079,-35
88085,79
88090,-23
88094,18
88097,-78
88099,-105
88131,268
88138,230
88142,-6
88145,-64
88147,-13
88149,-50
88161,-5
88167,-71
88171,-55
88175,-63
88178,160
88179,22
88212,15
88213,-87
88214,-94
88239,2
88250,317
88255,51
88260,26
88263,-104
88267,-11
88271,110
88273,225
88276,-19
88279,-205
88281,109
88284,44
88285,-53
88287,-42
88289,58
88299,83
88316,76
88317,-64
88319,100
88326,-103
88339,-37
88348,-83
88353,11
88356,-121
88361,94
88364,114
88367,18
88368,-107
88370,-41
88371,101
88373,26
88374,85
88376,76
88377,-112
88379,-58
88400,-116
88410,43
88416,87
88422,-88
88427,-132
88430,-94
88433,122
88436,166
88437,116
88441,1
88444,-169
88447,37
88448,80
88450,57
88451,-72
88453,-108
88454,0
88456,98
88457,69
88459,124
88471,-13
88477,-102
88480,19
88481,101
88483,115
88484,-43
88486,-32
88487,-73
88489,-177
88499,-13
88512,19
88515,139
88518,139
88521,9
88524,-93
88525,-153
88527,74
88529,-64
88605,39
88630,14
88631,83
88633,-47
88634,42
88636,12
88637,-112
88639,-142
88662,-56
88677,170
88682,103
88690,85
88693,25
88696,49
88697,-248
88699,24
88709,143
88718,-16
88719,11
89073,-71
89075,-145
89077,14
89079,-98
89081,-20
89129,356
89134,48
89143,164
89150,-277
89155,-148
89160,78
89165,30
89168,132
89171,-69
89173,67
89174,-34
89176,-6
89177,-21
89179,-44
89180,-105
89182,-60
89183,-42
89185,-20
89186,5
89188,-1
89189,9
89191,-110
89192,-13
89194,-104
89195,83
89197,55
89198,-29
89231,-180
89233,-21
89250,32
89257,-75
89264,-88
89269,58
89275,-43
89278,-66
89281,-44
89284,-57
89287,7
89290,-29
89291,-36
89293,-37
89294,-82
89296,74
89297,119
89299,-112
89312,-9
89331,-74
89335,69
89340,-111
89343,38
89344,-83
89346,216
89347,-34
89349,-6
89350,-217
89352,39
89353,253
89355,-65
89356,-52
89358,85
89359,4
89361,77
89362,-79
89364,102
89365,44
89367,15
89368,21
89407,-20
89415,77
89420,63
89423,80
89426,91
89428,25
89429,-54
89431,-51
89434,-92
89435,-25
89437,-110
89438,92
89440,16
89441,27
89443,-129
89446,158
89447,-17
89518,-85
89520,-126
89522,-29
89537,42
89542,82
89547,159
89551,-31
89555,203
89558,17
89561,-102
89564,-17
89567,-28
89568,-10
89584,135
89597,-50
89601,-46
89604,110
89605,125
89607,61
89608,82
89610,-25
89611,53
89613,26
89614,-31
89616,-37
89617,46
89619,-45
90402,81
90403,54
90408,36
90409,-111
90411,-37
90419,11
90425,10
90427,69
90429,107
90431,80
90439,214
90441,170
90443,-47
90449,55
90451,-83
90453,16
90455,3
90459,-154
90461,103
90469,-68
90471,-12
90473,212
90475,66
90478,-41
90480,-120
90482,-66
90489,128
90491,-79
90513,-67
90518,-117
90522,5
90530,127
90537,-25
90542,-25
90547,31
90552,-112
90556,-82
90559,-114
90562,92
90571,191
90574,92
90579,47
90584,-74
90587,-53
90592,51
90596,-109
90599,-44
90602,-34
90607,-23
90610,54
90613,84
90614,-91
90616,89
90617,0
90619,-65
90762,55
90763,-275
90765,-155
90766,74
90768,61
91052,-53
91054,106
91056,143
91058,-49
91074,182
91077,-78
91080,129
91083,-27
91085,-58
91086,19
91088,126
91090,-75
91091,152
91093,-13
91094,-144
91096,-111
91097,-36
91099,0
91126,-14
91154,42
91161,151
91166,-68
91171,-130
91174,-133
91177,-49
91180,-77
91183,3
91186,194
91187,-55
91189,-121
91207,72
91217,-20
91220,-13
91224,-1
91227,-142
91230,55
91233,-157
91235,253
91236,21
91238,-77
91239,-41
91241,89
91242,32
91244,39
91245,-16
91247,19
91249,94
91257,-113
91275,43
91278,42
91281,207
91282,-22
91284,-101
91286,87
91287,104
91289,121
91301,255
91315,3
91320,-19
91322,68
91325,-35
91327,37
91330,-99
91332,161
91334,-42
91336,24
91338,-10
91341,144
91344,-10
91346,-107
91347,-193
91349,-162
91350,-7
91352,16
91353,-22
91355,87
91356,-145
91358,41
91359,15
91361,72
91362,-1
91364,48
91365,151
91367,-8
91369,43
91413,1
91438,109
91443,-28
91448,-69
91452,11
91456,-45
91459,161
91460,-60
91462,-150
91463,33
91465,51
91466,65
91468,-79
91469,-86
91471,129
91472,53
91474,76
91475,13
91477,-26
91478,211
91480,19
91481,-30
91483,61
91484,71
91486,28
91487,36
91489,-24
91522,52
91541,-85
91550,23
91555,-154
91560,13
91564,77
91567,85
91572,130
91575,34
91578,4
91580,-85
91583,-187
91586,-56
91587,65
91589,26
91590,-115
91592,47
91593,66
91595,-44
91596,50
91598,22
91599,14
91601,28
91602,-113
91604,77
91605,-55
91607,-161
91608,-169
91610,54
91611,28
91613,-65
91614,-101
91616,85
91617,-118
91619,-45
91620,44
91622,26
91623,74
91625,-88
91626,-70
91628,61
91629,111
91631,-11
91632,160
91634,37
91635,90
91637,38
91639,221
91710,30
91717,38
91719,124
91720,-9
91722,193
91723,-15
91725,-30
91726,17
91728,237
91729,47
91731,-90
91732,10
91734,84
91735,211
91737,14
91738,-81
91740,201
91741,52
91743,20
91744,-51
91746,-30
91747,3
91749,55
91757,90
91781,-86
91785,-68
91788,103
91790,-203
91792,-39
91793,89
91795,36
91796,-56
91798,-52
91799,156
91801,-151
91802,72
91804,47
91805,59
91807,-13
91809,-73
92224,-195
92237,-44
92242,-7
92245,105
92249,-25
92253,48
92256,23
92259,-76
92260,80
92262,172
92263,-35
92265,-28
92266,-85
92268,219
92269,-1
92271,31
92272,-136
92274,-26
92275,-56
92277,141
92278,-110
92280,-182
92281,7
92283,187
92284,-118
92286,-118
92287,188
92289,-107
92318,-34
92331,-71
92334,-77
92339,109
92342,-119
92345,8
92348,66
92353,-1
92355,-92
92358,152
92360,-117
92361,-35
92363,-60
92364,-149
92366,-14
92367,16
92369,59
92421,41
92431,-87
92436,-24
92439,-171
92442,22
92444,-30
92445,50
92447,-88
92449,-27
92507,-58
92521,164
92526,0
92533,-135
92536,59
92539,-252
92540,-46
92542,69
92543,-146
92545,-46
92546,-84
92548,3
92549,172
92551,-105
92552,-151
92554,-63
92555,-4
92557,-10
92559,38
92637,-29
92648,-215
92655,-122
92660,-97
92665,-118
92670,-23
92676,-13
92681,-10
92685,35
92690,19
92693,39
92694,-84
92696,-61
92697,57
92699,136
92700,2
92702,2
92703,-19
92705,-23
92706,29
92708,-24
92709,-100
92711,44
92712,-67
92714,-53
92715,63
92717,-32
92718,-28
92720,-61
92721,-18
92723,-140
92724,23
92726,-93
92727,40
92729,5
93047,-179
93049,85
93051,128
93053,29
93055,134
93057,-22
93059,50
93073,49
93077,59
93080,-2
93083,-27
93086,156
93087,33
93089,52
93090,98
93092,138
93093,114
93095,112
93096,52
93098,-41
93099,66
93101,47
93102,51
93104,44
93105,-78
93107,12
93109,25
93128,148
93133,227
93138,43
93142,60
93149,-102
93152,36
93155,-286
93158,-182
93161,128
93164,-44
93167,-160
93170,-30
93173,92
93176,-168
93177,73
93179,-226
93180,-239
93182,35
93183,-111
93185,40
93186,114
93188,17
93189,41
93191,-10
93192,72
93194,-2
93195,-143
93197,-58
93199,-86
93309,69
93326,73
93333,27
93336,50
93339,167
93342,91
93343,138
93345,4
93346,-127
93348,-70
93349,-30
93351,34
93352,-92
93354,-65
93356,-56
93358,12
93359,182
93413,16
93426,-25
93437,-13
93444,-69
93449,-3
93453,-58
93455,240
93458,40
93462,63
93464,47
93466,-150
93468,-20
93470,-224
93471,-129
93473,-39
93474,66
93476,163
93477,-21
93479,-107
93480,217
93482,132
93483,0
93485,-18
93486,-28
93488,-28
93489,-166
93491,3
93492,43
93494,-36
93495,128
93497,-86
93499,144
94032,18
94034,-16
94036,72
94051,80
94060,-184
94065,150
94072,50
94078,44
94081,145
94086,-31
94089,200
94094,181
94099,-28
94104,-136
94107,68
94110,272
94113,-182
94116,-22
94118,156
94121,-42
94124,-57
94127,-71
94130,-15
94133,68
94136,7
94137,-81
94139,-66
94140,51
94142,-37
94143,-81
94145,-106
94146,8
94148,-48
94149,-124
94151,70
94152,-21
94154,65
94157,123
94158,30
94160,68
94161,51
94163,108
94164,-111
94166,-62
94167,-28
94169,-55
94209,28
94227,-107
94234,-75
94239,21
94244,74
94249,46
94250,168
94252,54
94253,129
94255,37
94256,-27
94258,-42
94259,37
94261,10
94262,-81
94264,55
94265,19
94267,38
94269,-9
94315,164
94327,110
94330,-201
94333,41
94336,-52
94339,64
94342,91
94344,-72
94345,32
94347,-64
94348,-191
94350,68
94351,50
94353,-21
94354,-34
94356,-28
94357,46
94359,-140
94360,-74
94362,107
94363,12
94365,97
94366,-216
94368,-61
94369,0
94371,84
94372,-40
94374,50
94375,-90
94377,138
94379,93
94405,49
94419,50
94424,120
94428,219
94431,-108
94436,162
94437,-138
94439,119
94447,182
94469,192
94474,-157
94481,-124
94486,12
94491,-36
94496,-33
94501,-57
94505,125
94508,53
94513,142
94518,-144
94522,-56
94526,148
94527,-157
94529,-110
94530,40
94532,-9
94533,-31
94535,23
94536,209
94538,-105
94539,-84
94541,64
94542,-84
94544,135
94545,57
94547,80
94548,18
94550,-33
94551,-44
94553,14
94554,-102
94556,-86
94557,52
94559,-36
94560,-101
94562,-38
94563,96
94566,276
94568,-241
94569,29
94571,-42
94572,-27
94574,-68
94575,-134
94577,108
94579,-21
95028,115
95030,-17
95032,-7
95100,-62
95111,19
95119,80
95126,30
95131,-123
95138,-177
95145,-15
95152,-152
95158,110
95163,42
95168,143
95173,173
95176,117
95179,65
95180,116
95182,54
95183,184
95185,-49
95186,143
95188,86
95189,45
95191,-70
95192,242
95194,0
95195,-47
95197,144
95199,-82
95213,102
95233,-83
95234,-92
95236,-83
95237,-97
95239,-97
95326,-62
95336,-66
95339,-56
95346,85
95349,142
95352,94
95355,-160
95356,-195
95358,19
95359,-31
95361,31
95362,198
95364,175
95365,47
95367,52
95369,123
95444,-55
95445,148
95447,19
95448,-66
95460,-87
95463,-82
95466,-42
95469,-130
95473,-156
95478,-131
95482,61
95485,-42
95488,101
95490,237
95491,-53
95493,-99
95494,108
95496,117
95497,13
95499,-23
95500,127
95502,122
95503,41
95505,12
95506,-54
95508,-52
95509,-96
95511,-118
95512,-42
95514,94
95515,-73
95517,129
95519,-187
95615,47
95632,-93
95643,-88
95652,190
95659,-103
95666,103
95671,210
95676,12
95679,38
95680,-115
95682,130
95683,154
95685,50
95686,22
95688,98
95689,-86
95691,-101
95692,218
95694,-98
95695,-12
95697,112
95698,1
95700,-35
95701,-61
95703,-24
95704,323
95706,204
95707,25
95709,-16
96047,-217
96049,65
96050,-42
96052,133
96103,54
96106,135
96110,-27
96114,40
96117,-5
96120,82
96123,-32
96126,59
96129,-106
96132,-76
96135,-14
96138,162
96142,-53
96145,57
96146,131
96148,-226
96149,-82
96151,26
96152,-130
96154,-272
96155,-89
96157,-109
96158,46
96160,60
96161,-60
96163,-29
96164,25
96166,20
96167,193
96169,94
96170,120
96172,-96
96173,-7
96175,38
96176,-89
96178,-24
96179,102
96181,-176
96182,-102
96184,-258
96185,-8
96187,-84
96188,-158
96190,-171
96191,-80
96193,-17
96194,-63
96196,-86
96197,0
96199,-129
96215,-151
96224,-27
96231,-37
96237,-6
96242,33
96247,14
96250,244
96253,-27
96257,-43
96260,5
96264,83
96268,24
96269,0
96271,46
96272,78
96274,15
96275,11
96277,-78
96279,37
96317,12
96328,-145
96332,-28
96337,-93
96342,36
96346,178
96349,-3
96352,55
96355,-147
96358,-28
96361,189
96364,105
96365,217
96367,110
96369,99
96450,-44
96465,225
96472,-146
96476,-54
96479,-74
96482,-110
96484,92
96486,19
96487,-170
96489,94
96515,2
96523,-43
96524,77
96528,-138
97070,-81
97072,17
97074,-11
97076,-46
97078,-25
97080,36
97082,-26
97084,9
97199,-168
97204,-126
97209,45
97215,37
97218,-15
97222,29
97225,-36
97228,-179
97230,-2
97232,-57
97234,-178
97236,67
97237,197
97239,-11
97241,0
97243,-33
97244,107
97246,28
97247,-93
97249,52
97250,-32
97252,70
97253,75
97255,116
97256,-81
97258,20
97259,195
97261,-72
97262,-77
97264,-10
97265,49
97267,190
97268,0
97270,-204
97271,-223
97273,22
97274,-70
97276,20
97277,-158
97279,107
97280,102
97282,-47
97283,-95
97285,34
97286,152
97288,-12
97289,-17
97291,68
97292,155
97294,-31
97295,-32
97297,80
97299,117
97318,-19
97320,58
97332,-182
97334,30
97337,106
97340,79
97342,-7
97346,-64
97348,86
97350,146
97353,72
97355,34
97357,-67
97359,-83
97421,19
97422,52
97424,93
97437,-32
97440,107
97447,-27
97450,41
97453,68
97456,151
97461,82
97464,24
97469,23
97475,-139
97478,-164
97483,-51
97486,37
97488,29
97490,-58
97491,5
97493,-32
97494,-128
97496,6
97497,-48
97499,117
97500,112
97502,113
97503,-47
97505,130
97506,-45
97508,90
97509,-43
97511,-97
97513,79
97514,-149
97516,-33
97517,23
97519,135
97520,192
97522,-68
97523,-10
97525,21
97526,134
97528,-24
97529,142
97531,212
97532,30
97534,-27
97535,133
97537,163
97539,-76
97616,79
97618,252
97631,-84
97633,-78
97638,98
97640,1
97645,-65
97647,-115
97650,-47
97653,-28
97654,19
97656,-94
97657,55
97659,-155
97688,105
97702,-63
97705,-144
97708,191
97711,58
97714,67
97717,89
97720,139
97723,87
97724,-12
97725,84
97727,39
97729,-75
97737,-107
97753,-52
97762,61
97769,-173
97772,43
97773,-210
97775,6
97776,53
97778,-92
97779,-58
97780,-69
97782,95
97783,62
97785,-101
97786,-7
97788,95
97789,20
97791,12
97792,169
97794,-21
97795,-182
97797,177
97799,-10
97816,66
97828,134
97833,112
97834,-63
97836,-52
97837,95
97839,-39
97840,65
97842,29
97843,100
97845,-111
97846,191
97848,-107
97849,118
97851,-64
97852,-305
97854,-8
97855,119
97857,204
97859,-109
97877,-130
97892,-23
97896,4
97900,-79
97901,72
97903,-154
97904,44
97906,68
97907,219
97909,-181
97922,62
97941,33
97944,5
97947,-38
97950,-61
97953,49
97956,-32
97957,58
97959,-87
97980,52
97990,-179
97993,81
97996,86
97999,14
98527,-213
98528,-49
98529,101
98530,30
98544,43
98547,-209
98553,-104
98559,-25
98574,-1
98587,138
98590,-86
98593,57
98596,119
98597,-47
98617,163
98630,-71
98631,10
98634,-149
98639,76
98646,-183
98660,74
98663,113
98666,43
98667,-85
98669,-33
98673,-102
98693,-3
98694,50
98701,-144
98716,-3
98724,-93
98743,-84
98744,63
98746,29
99084,-189
99085,86
99086,-26
99087,27
99089,40
99090,-109
99091,-82
99092,-66
99094,85
99095,-95
99096,-142
99097,-93
99098,-228
99099,137
99100,-43
99102,-82
99189,110
99192,-179
99195,123
99198,-16
99310,-74
99326,-14
99330,-31
99331,127
99334,-184
99338,37
99423,97
99425,24
99427,92
99428,84
99438,83
99439,-2
99441,-154
99444,-60
99448,-21
99510,153
99518,-119
99610,-99
99625,-22
99628,43
99631,103
99634,-62
99636,3
99638,-164
99706,-57
99707,-111
99713,7
99718,75
99734,-107
99735,-58
99752,192
99755,-113
99759,-112
99765,60
99768,18
99817,74
99819,51
99820,-63
99826,-101
99830,12
99831,-75
99834,-148
99837,20
99842,95
99846,59
99848,-1
99867,-267
99869,-121
99880,45
99885,-146
99887,88
99891,-164
99894,-30
99897,-137
99947,-24
99955,-88
99958,-20
99974,-65
99976,55
99986,-1
99988,-46
99991,143
99994,-32
99996,175
99998,9
